ambientTemp,objectTemp,humidity,accelX,accelY,accelZ,gyroX,gyroY,gyroZ,magX,magY,magZ,TimeStamp,DERAIL
22.28,15.47,45.85015,-0.91,-0.02,-0.06,1.09,-5.35,-1.95,62.66,61.76,-82.45,1466606714.034487,0
22.28,15.47,45.85015,-0.91,-0.02,-0.06,1.09,-5.35,-1.95,62.66,61.76,-82.45,1466606714.16461,0
22.28,15.47,45.85015,-0.91,-0.02,-0.06,1.09,-5.35,-1.95,62.66,61.76,-82.45,1466606714.344627,0
22.28,15.47,45.85015,-0.91,-0.02,-0.06,1.09,-5.35,-1.95,62.66,61.76,-82.45,1466606714.654544,0
22.28,15.47,45.85015,-0.91,-0.02,-0.06,1.09,-5.35,-1.95,62.66,61.76,-82.45,1466606714.835005,0
22.28,15.56,45.85015,-0.91,-0.02,-0.06,1.09,-5.35,-1.95,62.66,61.76,-82.45,1466606714.994605,0
22.28,15.56,45.85015,-0.91,-0.02,-0.06,1.09,-5.35,-1.95,62.66,61.76,-82.45,1466606715.144601,0
22.28,15.56,45.85015,-0.91,-0.02,-0.06,1.09,-5.35,-1.95,62.66,61.76,-82.45,1466606715.405634,0
22.28,15.56,45.85015,-0.91,-0.02,-0.06,1.09,-5.35,-1.95,62.66,61.76,-82.45,1466606715.554551,0
22.28,15.56,45.85015,-1.02,0.02,-0.10,-1.05,-4.72,-4.36,33.73,73.45,-80.65,1466606715.874596,0
22.25,15.97,45.85015,-0.74,0.09,-0.20,-0.68,11.46,3.59,49.77,83.20,-79.00,1466606715.954658,0
22.25,15.97,45.85015,-0.74,0.09,-0.20,-0.68,11.46,3.59,49.77,83.20,-79.00,1466606716.284546,0
22.25,15.97,45.85015,-0.74,0.09,-0.20,-0.68,11.46,3.59,49.77,83.20,-79.00,1466606716.404599,0
22.25,15.97,45.85015,-0.74,0.09,-0.20,-0.68,11.46,3.59,49.77,83.20,-79.00,1466606716.554597,0
22.25,15.97,45.85015,-0.92,-0.07,0.18,-78.75,-66.60,2.93,57.26,64.16,-72.10,1466606716.906225,0
22.25,15.97,45.85015,-0.92,-0.07,0.18,-78.75,-66.60,2.93,57.26,64.16,-72.10,1466606716.990928,0
22.25,15.97,45.85015,-0.92,-0.07,0.18,-78.75,-66.60,2.93,57.26,64.16,-72.10,1466606717.154489,0
22.25,15.97,45.85015,-0.92,-0.07,0.18,-78.75,-66.60,2.93,57.26,64.16,-72.10,1466606717.444753,0
22.25,15.97,45.85015,-0.92,-0.07,0.18,-78.75,-66.60,2.93,57.26,64.16,-72.10,1466606717.614815,0
22.25,15.97,45.85015,-0.92,-0.07,0.18,-78.75,-66.60,2.93,57.26,64.16,-72.10,1466606717.755408,0
22.25,15.84,45.85015,-1.30,-0.01,-0.14,-73.48,-19.44,-5.25,-16.04,86.34,-183.63,1466606718.009064,0
22.25,15.84,45.85015,-1.30,-0.01,-0.14,-73.48,-19.44,-5.25,-16.04,86.34,-183.63,1466606718.157372,0
22.25,15.84,45.85015,-1.30,-0.01,-0.14,-73.48,-19.44,-5.25,-16.04,86.34,-183.63,1466606718.411675,0
22.25,15.84,45.85015,-1.30,-0.01,-0.14,-73.48,-19.44,-5.25,-16.04,86.34,-183.63,1466606718.557391,0
22.25,15.84,45.85015,-1.30,-0.01,-0.14,-73.48,-19.44,-5.25,-16.04,86.34,-183.63,1466606718.847259,0
22.25,15.75,45.85015,-0.77,-0.01,-0.29,-2.18,-11.84,-0.09,-7.20,82.45,-101.93,1466606719.017368,0
22.25,15.75,45.85015,-0.77,-0.01,-0.29,-2.18,-11.84,-0.09,-7.20,82.45,-101.93,1466606719.257785,0
22.25,15.75,45.85015,-0.77,-0.01,-0.29,-2.18,-11.84,-0.09,-7.20,82.45,-101.93,1466606719.459458,0
22.25,15.75,45.85015,-0.77,-0.01,-0.29,-2.18,-11.84,-0.09,-7.20,82.45,-101.93,1466606719.869991,0
22.25,16.00,45.85015,-0.72,0.03,0.05,-88.19,-34.11,-8.93,13.04,119.17,-64.61,1466606720.180013,0
22.25,16.00,45.85015,-0.72,0.03,0.05,-88.19,-34.11,-8.93,13.04,119.17,-64.61,1466606720.28011,0
22.25,16.00,45.85015,-0.72,0.03,0.05,-88.19,-34.11,-8.93,13.04,119.17,-64.61,1466606720.462285,0
22.25,16.00,45.85015,-0.72,0.03,0.05,-88.19,-34.11,-8.93,13.04,119.17,-64.61,1466606720.584647,0
22.25,16.00,45.85015,-0.72,0.03,0.05,-88.19,-34.11,-8.93,13.04,119.17,-64.61,1466606720.794641,0
22.25,15.66,45.85015,-0.75,0.04,-0.16,-76.92,-31.38,-5.76,-13.49,104.78,-122.77,1466606721.0573,0
22.25,15.66,45.85015,-0.75,0.04,-0.16,-76.92,-31.38,-5.76,-13.49,104.78,-122.77,1466606721.204711,0
22.25,15.66,45.85015,-0.75,0.04,-0.16,-76.92,-31.38,-5.76,-13.49,104.78,-122.77,1466606721.515225,0
22.25,15.66,45.85015,-0.75,0.04,-0.16,-76.92,-31.38,-5.76,-13.49,104.78,-122.77,1466606721.584979,0
22.25,15.66,45.85015,-0.75,0.04,-0.16,-76.92,-31.38,-5.76,-13.49,104.78,-122.77,1466606721.847868,0
22.25,15.75,45.85015,-0.94,0.11,-0.07,-13.37,-24.45,0.84,32.53,62.66,-94.89,1466606721.957411,0
22.25,15.75,45.85015,-0.94,0.11,-0.07,-13.37,-24.45,0.84,32.53,62.66,-94.89,1466606722.227237,0
22.25,15.75,45.85015,-0.94,0.11,-0.07,-13.37,-24.45,0.84,32.53,62.66,-94.89,1466606722.427507,0
22.25,15.75,45.85015,-0.94,0.11,-0.07,-13.37,-24.45,0.84,32.53,62.66,-94.89,1466606722.60837,0
22.25,15.75,45.85015,-0.79,-0.12,-0.03,-76.91,4.52,-1.07,20.09,60.86,-125.17,1466606722.944603,0
22.25,16.03,45.85015,-0.79,-0.12,-0.03,-76.91,4.52,-1.07,20.09,60.86,-125.17,1466606723.014733,0
22.25,16.03,45.85015,-0.79,-0.12,-0.03,-76.91,4.52,-1.07,20.09,60.86,-125.17,1466606723.254601,0
22.25,16.03,45.85015,-0.79,-0.12,-0.03,-76.91,4.52,-1.07,20.09,60.86,-125.17,1466606723.444599,0
22.25,16.03,45.85015,-0.79,-0.12,-0.03,-76.91,4.52,-1.07,20.09,60.86,-125.17,1466606723.664603,0
22.25,16.03,45.85015,-0.79,-0.12,-0.03,-76.91,4.52,-1.07,20.09,60.86,-125.17,1466606723.754693,0
22.25,15.88,45.85015,-0.83,0.02,-0.06,-87.45,9.88,0.17,51.72,100.43,-120.97,1466606724.07457,0
22.25,15.88,45.85015,-0.83,0.02,-0.06,-87.45,9.88,0.17,51.72,100.43,-120.97,1466606724.274684,0
22.25,15.88,45.85015,-0.83,0.02,-0.06,-87.45,9.88,0.17,51.72,100.43,-120.97,1466606724.344594,0
22.25,15.88,45.85015,-0.83,0.02,-0.06,-87.45,9.88,0.17,51.72,100.43,-120.97,1466606724.574569,0
22.25,15.88,45.85015,-0.83,0.02,-0.06,-87.45,9.88,0.17,51.72,100.43,-120.97,1466606724.994631,0
22.25,15.88,45.85015,-0.83,0.02,-0.06,-87.45,9.88,0.17,51.72,100.43,-120.97,1466606725.064598,0
22.25,15.66,45.85015,-0.83,0.02,-0.06,-87.45,9.88,0.17,51.72,100.43,-120.97,1466606725.154662,0
22.25,15.66,45.85015,-0.74,-0.02,-0.36,-88.33,13.09,-3.70,17.69,122.02,-94.44,1466606725.484662,0
22.25,15.66,45.85015,-0.74,-0.02,-0.36,-88.33,13.09,-3.70,17.69,122.02,-94.44,1466606725.554546,0
22.25,15.66,45.85015,-0.74,-0.02,-0.36,-88.33,13.09,-3.70,17.69,122.02,-94.44,1466606725.744658,0
22.25,15.66,45.85015,-1.34,0.13,-0.05,-79.94,8.15,-1.19,38.38,95.34,-52.92,1466606726.014606,0
22.25,15.66,45.85015,-1.34,0.13,-0.05,-79.94,8.15,-1.19,38.38,95.34,-52.92,1466606726.1446,0
22.25,15.66,45.85015,-1.34,0.13,-0.05,-79.94,8.15,-1.19,38.38,95.34,-52.92,1466606726.429545,0
22.25,15.66,45.85015,-1.34,0.13,-0.05,-79.94,8.15,-1.19,38.38,95.34,-52.92,1466606726.634637,0
22.25,15.66,45.85015,-1.34,0.13,-0.05,-79.94,8.15,-1.19,38.38,95.34,-52.92,1466606726.934529,0
22.25,15.84,45.85015,-1.13,0.00,-0.00,-27.68,-10.77,-3.88,37.03,116.32,-115.42,1466606727.014602,0
22.25,15.84,45.85015,-1.13,0.00,-0.00,-27.68,-10.77,-3.88,37.03,116.32,-115.42,1466606727.164626,0
22.25,15.84,45.85015,-1.13,0.00,-0.00,-27.68,-10.77,-3.88,37.03,116.32,-115.42,1466606727.344598,0
22.25,15.84,45.85015,-1.13,0.00,-0.00,-27.68,-10.77,-3.88,37.03,116.32,-115.42,1466606727.59463,0
22.25,15.84,45.85015,-1.13,0.00,-0.00,-27.68,-10.77,-3.88,37.03,116.32,-115.42,1466606727.864635,0
22.25,15.84,45.85015,-0.78,-0.01,-0.05,-92.75,-6.19,-0.54,32.98,62.81,-83.50,1466606727.944596,0
22.25,15.53,45.85015,-0.78,-0.01,-0.05,-92.75,-6.19,-0.54,32.98,62.81,-83.50,1466606728.474626,0
22.25,15.53,45.85015,-0.78,-0.01,-0.05,-92.75,-6.19,-0.54,32.98,62.81,-83.50,1466606728.534529,0
22.25,15.53,45.85015,-0.78,-0.01,-0.05,-92.75,-6.19,-0.54,32.98,62.81,-83.50,1466606728.634485,0
22.25,15.53,45.85015,-0.78,-0.01,-0.05,-92.75,-6.19,-0.54,32.98,62.81,-83.50,1466606728.804601,0
22.25,15.53,45.85015,-1.09,0.07,-0.11,-83.52,-16.11,-9.14,-4.35,81.70,-176.44,1466606728.975257,0
22.28,15.88,45.85015,-1.09,0.07,-0.11,-83.52,-16.11,-9.14,-4.35,81.70,-176.44,1466606729.134946,0
22.28,15.88,45.85015,-1.09,0.07,-0.11,-83.52,-16.11,-9.14,-4.35,81.70,-176.44,1466606729.397406,0
22.28,15.88,45.85015,-1.09,0.07,-0.11,-83.52,-16.11,-9.14,-4.35,81.70,-176.44,1466606729.537233,0
22.28,15.88,45.85015,-1.09,0.07,-0.11,-83.52,-16.11,-9.14,-4.35,81.70,-176.44,1466606729.807384,0
22.28,15.88,45.85015,-0.31,0.07,0.16,4.13,-15.04,-11.79,5.40,84.69,-105.23,1466606729.937157,0
22.25,15.75,45.85015,-0.31,0.07,0.16,4.13,-15.04,-11.79,5.40,84.69,-105.23,1466606730.137236,0
22.25,15.75,45.85015,-0.31,0.07,0.16,4.13,-15.04,-11.79,5.40,84.69,-105.23,1466606730.337237,0
22.25,15.75,45.85015,-0.31,0.07,0.16,4.13,-15.04,-11.79,5.40,84.69,-105.23,1466606730.630125,0
22.25,15.75,45.85015,-0.31,0.07,0.16,4.13,-15.04,-11.79,5.40,84.69,-105.23,1466606730.757354,0
22.25,15.75,45.85015,-0.33,-0.01,-0.02,-87.18,6.99,-5.91,25.03,131.61,-80.50,1466606731.037942,0
22.28,15.78,45.85015,-0.33,-0.01,-0.02,-87.18,6.99,-5.91,25.03,131.61,-80.50,1466606731.13761,0
22.28,15.78,45.85015,-0.33,-0.01,-0.02,-87.18,6.99,-5.91,25.03,131.61,-80.50,1466606731.407895,0
22.28,15.78,45.85015,-0.33,-0.01,-0.02,-87.18,6.99,-5.91,25.03,131.61,-80.50,1466606731.537846,0
22.28,15.78,45.85015,-0.33,-0.01,-0.02,-87.18,6.99,-5.91,25.03,131.61,-80.50,1466606731.854663,0
22.28,15.78,45.85015,-1.08,0.02,0.14,-66.65,-37.18,-2.26,21.89,90.54,-63.71,1466606731.943257,0
22.28,15.62,45.85015,-1.08,0.02,0.14,-66.65,-37.18,-2.26,21.89,90.54,-63.71,1466606732.164596,0
22.28,15.62,45.85015,-1.08,0.02,0.14,-66.65,-37.18,-2.26,21.89,90.54,-63.71,1466606732.343929,0
22.28,15.62,45.85015,-1.08,0.02,0.14,-66.65,-37.18,-2.26,21.89,90.54,-63.71,1466606732.574629,0
22.28,15.62,45.85015,-1.08,0.02,0.14,-66.65,-37.18,-2.26,21.89,90.54,-63.71,1466606732.774686,0
22.28,15.62,45.85015,-1.17,-0.09,-0.11,-5.56,17.03,-11.17,73.15,69.40,-71.65,1466606732.944454,0
22.28,15.78,45.85015,-1.17,-0.09,-0.11,-5.56,17.03,-11.17,73.15,69.40,-71.65,1466606733.284661,0
22.28,15.78,45.85015,-1.17,-0.09,-0.11,-5.56,17.03,-11.17,73.15,69.40,-71.65,1466606733.414599,0
22.28,15.78,45.85015,-1.17,-0.09,-0.11,-5.56,17.03,-11.17,73.15,69.40,-71.65,1466606733.594597,0
22.28,15.78,45.85015,-1.17,-0.09,-0.11,-5.56,17.03,-11.17,73.15,69.40,-71.65,1466606733.764658,0
22.28,15.78,45.85015,-1.13,-0.02,0.07,-83.20,-1.27,3.14,20.24,58.46,-115.72,1466606734.004545,0
22.28,15.69,45.85015,-1.13,-0.02,0.07,-83.20,-1.27,3.14,20.24,58.46,-115.72,1466606734.314541,0
22.28,15.69,45.85015,-1.13,-0.02,0.07,-83.20,-1.27,3.14,20.24,58.46,-115.72,1466606734.435651,0
22.28,15.69,45.85015,-1.13,-0.02,0.07,-83.20,-1.27,3.14,20.24,58.46,-115.72,1466606734.644528,0
22.28,15.69,45.85015,-1.13,-0.02,0.07,-83.20,-1.27,3.14,20.24,58.46,-115.72,1466606734.824602,0
22.28,15.62,45.85015,-1.13,-0.02,0.07,-83.20,-1.27,3.14,20.24,58.46,-115.72,1466606735.124666,0
22.28,15.62,45.85015,-1.06,-0.03,0.08,-87.27,-22.99,-0.17,24.13,111.08,-147.65,1466606735.194595,0
22.28,15.62,45.85015,-1.06,-0.03,0.08,-87.27,-22.99,-0.17,24.13,111.08,-147.65,1466606735.443858,0
22.28,15.62,45.85015,-1.06,-0.03,0.08,-87.27,-22.99,-0.17,24.13,111.08,-147.65,1466606735.644483,0
22.28,15.62,45.85015,-0.83,0.06,-0.00,-30.93,-3.08,1.21,10.49,131.91,-94.89,1466606735.838425,0
22.28,15.62,45.85015,-0.83,0.06,-0.00,-30.93,-3.08,1.21,10.49,131.91,-94.89,1466606736.054624,0
22.28,15.84,45.85015,-0.83,0.06,-0.00,-30.93,-3.08,1.21,10.49,131.91,-94.89,1466606736.15463,0
22.28,15.84,45.85015,-0.83,0.06,-0.00,-30.93,-3.08,1.21,10.49,131.91,-94.89,1466606736.444338,0
22.28,15.84,45.85015,-0.83,0.06,-0.00,-30.93,-3.08,1.21,10.49,131.91,-94.89,1466606736.614664,0
22.28,15.84,45.85015,-0.80,0.13,0.13,-73.83,-32.60,-7.13,34.33,122.92,-53.07,1466606736.874628,0
22.28,15.84,45.85015,-0.80,0.13,0.13,-73.83,-32.60,-7.13,34.33,122.92,-53.07,1466606736.944647,0
22.28,15.66,45.85015,-0.80,0.13,0.13,-73.83,-32.60,-7.13,34.33,122.92,-53.07,1466606737.184599,0
22.28,15.66,45.85015,-0.80,0.13,0.13,-73.83,-32.60,-7.13,34.33,122.92,-53.07,1466606737.484817,0
22.28,15.66,45.85015,-0.80,0.13,0.13,-73.83,-32.60,-7.13,34.33,122.92,-53.07,1466606737.604922,0
22.28,15.66,45.85015,-0.80,0.13,0.13,-73.83,-32.60,-7.13,34.33,122.92,-53.07,1466606737.839026,0
22.28,15.66,45.85015,-0.77,-0.09,-0.22,-80.71,-10.07,2.72,12.14,114.38,-132.06,1466606737.957404,0
22.28,15.69,45.85015,-0.77,-0.09,-0.22,-80.71,-10.07,2.72,12.14,114.38,-132.06,1466606738.147236,0
22.28,15.69,45.85015,-0.77,-0.09,-0.22,-80.71,-10.07,2.72,12.14,114.38,-132.06,1466606738.407408,0
22.28,15.69,45.85015,-0.77,-0.09,-0.22,-80.71,-10.07,2.72,12.14,114.38,-132.06,1466606738.557378,0
22.28,15.69,45.85015,-0.77,-0.09,-0.22,-80.71,-10.07,2.72,12.14,114.38,-132.06,1466606738.817417,0
22.28,15.66,45.85015,-1.05,0.10,0.01,-96.89,-17.38,-11.46,40.92,72.85,-87.24,1466606739.127595,0
22.28,15.66,45.85015,-1.05,0.10,0.01,-96.89,-17.38,-11.46,40.92,72.85,-87.24,1466606739.237627,0
22.28,15.66,45.85015,-1.05,0.10,0.01,-96.89,-17.38,-11.46,40.92,72.85,-87.24,1466606739.345951,0
22.28,15.66,45.85015,-1.05,0.10,0.01,-96.89,-17.38,-11.46,40.92,72.85,-87.24,1466606739.639991,0
22.28,15.66,45.85015,-1.05,0.10,0.01,-96.89,-17.38,-11.46,40.92,72.85,-87.24,1466606739.797907,0
22.28,15.66,45.85015,-0.49,0.04,0.16,-84.03,4.01,5.91,2.40,71.35,-155.45,1466606740.047802,0
22.28,15.66,45.85015,-0.49,0.04,0.16,-84.03,4.01,5.91,2.40,71.35,-155.45,1466606740.232214,0
22.28,15.66,45.85015,-0.49,0.04,0.16,-84.03,4.01,5.91,2.40,71.35,-155.45,1466606740.452283,0
22.28,15.66,45.85015,-0.49,0.04,0.16,-84.03,4.01,5.91,2.40,71.35,-155.45,1466606740.662595,0
22.28,15.66,45.85015,-0.49,0.04,0.16,-84.03,4.01,5.91,2.40,71.35,-155.45,1466606740.762672,0
22.28,15.88,45.85015,-0.57,0.06,0.04,-0.58,-5.77,4.65,16.34,82.75,-122.62,1466606741.072915,0
22.28,15.88,45.85015,-0.57,0.06,0.04,-0.58,-5.77,4.65,16.34,82.75,-122.62,1466606741.152824,0
22.28,15.88,45.72808,-0.57,0.06,0.04,-0.58,-5.77,4.65,16.34,82.75,-122.62,1466606741.433143,0
22.28,15.88,45.72808,-0.57,0.06,0.04,-0.58,-5.77,4.65,16.34,82.75,-122.62,1466606741.683373,0
22.28,15.88,45.72808,-0.57,0.06,0.04,-0.58,-5.77,4.65,16.34,82.75,-122.62,1466606741.753305,0
22.28,15.88,45.72808,-1.14,-0.05,0.07,-97.30,8.93,0.87,13.64,134.01,-89.79,1466606741.973602,0
22.28,15.75,45.72808,-1.14,-0.05,0.07,-97.30,8.93,0.87,13.64,134.01,-89.79,1466606742.153602,0
22.28,15.75,45.72808,-1.14,-0.05,0.07,-97.30,8.93,0.87,13.64,134.01,-89.79,1466606742.353754,0
22.28,15.75,45.72808,-1.14,-0.05,0.07,-97.30,8.93,0.87,13.64,134.01,-89.79,1466606742.704103,0
22.28,15.75,45.72808,-0.93,-0.15,0.03,-84.55,10.64,5.31,56.66,93.69,-24.28,1466606742.912826,0
22.28,15.75,45.72808,-0.93,-0.15,0.03,-84.55,10.64,5.31,56.66,93.69,-24.28,1466606742.984661,0
22.28,15.69,45.72808,-0.93,-0.15,0.03,-84.55,10.64,5.31,56.66,93.69,-24.28,1466606743.324755,0
22.28,15.69,45.72808,-0.93,-0.15,0.03,-84.55,10.64,5.31,56.66,93.69,-24.28,1466606743.404669,0
22.28,15.69,45.72808,-0.93,-0.15,0.03,-84.55,10.64,5.31,56.66,93.69,-24.28,1466606743.734664,0
22.28,15.69,45.72808,-1.90,0.01,-0.10,9.28,-26.54,-3.18,69.10,95.49,-71.65,1466606743.834594,0
22.28,15.69,45.72808,-1.90,0.01,-0.10,9.28,-26.54,-3.18,69.10,95.49,-71.65,1466606744.044552,0
22.28,15.81,45.72808,-1.90,0.01,-0.10,9.28,-26.54,-3.18,69.10,95.49,-71.65,1466606744.153251,0
22.28,15.81,45.72808,-1.90,0.01,-0.10,9.28,-26.54,-3.18,69.10,95.49,-71.65,1466606744.404631,0
22.28,15.81,45.72808,-1.90,0.01,-0.10,9.28,-26.54,-3.18,69.10,95.49,-71.65,1466606744.614669,0
22.28,15.81,45.72808,-1.90,0.01,-0.10,9.28,-26.54,-3.18,69.10,95.49,-71.65,1466606744.854488,0
22.28,15.81,45.72808,-1.90,0.01,-0.10,9.28,-26.54,-3.18,69.10,95.49,-71.65,1466606745.064735,0
22.28,15.66,45.72808,-1.46,0.07,-0.11,-85.35,22.40,-5.28,38.97,61.61,-83.65,1466606745.264663,0
22.28,15.66,45.72808,-1.46,0.07,-0.11,-85.35,22.40,-5.28,38.97,61.61,-83.65,1466606745.345285,0
22.28,15.66,45.72808,-1.46,0.07,-0.11,-85.35,22.40,-5.28,38.97,61.61,-83.65,1466606745.65174,0
22.28,15.66,45.72808,-1.46,0.07,-0.11,-85.35,22.40,-5.28,38.97,61.61,-83.65,1466606745.754485,0
22.28,15.66,45.72808,-0.87,0.32,-0.20,-75.62,-11.47,-6.93,52.32,94.59,-120.52,1466606746.03467,0
22.28,15.91,45.72808,-0.87,0.32,-0.20,-75.62,-11.47,-6.93,52.32,94.59,-120.52,1466606746.184665,0
22.28,15.91,45.72808,-0.87,0.32,-0.20,-75.62,-11.47,-6.93,52.32,94.59,-120.52,1466606746.354789,0
22.28,15.91,45.72808,-0.87,0.32,-0.20,-75.62,-11.47,-6.93,52.32,94.59,-120.52,1466606746.69741,0
22.28,15.91,45.72808,-0.97,-0.27,0.04,1.86,19.81,1.87,-6.30,109.43,-95.64,1466606746.907921,0
22.28,15.91,45.72808,-0.97,-0.27,0.04,1.86,19.81,1.87,-6.30,109.43,-95.64,1466606746.971342,0
22.28,15.97,45.72808,-0.97,-0.27,0.04,1.86,19.81,1.87,-6.30,109.43,-95.64,1466606747.234891,0
22.28,15.97,45.72808,-0.97,-0.27,0.04,1.86,19.81,1.87,-6.30,109.43,-95.64,1466606747.404715,0
22.28,15.97,45.72808,-0.97,-0.27,0.04,1.86,19.81,1.87,-6.30,109.43,-95.64,1466606747.724712,0
22.28,15.97,45.72808,-0.97,-0.27,0.04,1.86,19.81,1.87,-6.30,109.43,-95.64,1466606747.794662,0
22.28,15.97,45.72808,-1.28,0.04,-0.08,-88.68,-9.14,-4.58,22.79,135.36,-57.71,1466606748.024714,0
22.28,15.69,45.72808,-1.28,0.04,-0.08,-88.68,-9.14,-4.58,22.79,135.36,-57.71,1466606748.14467,0
22.28,15.69,45.72808,-1.28,0.04,-0.08,-88.68,-9.14,-4.58,22.79,135.36,-57.71,1466606748.384606,0
22.28,15.69,45.72808,-1.28,0.04,-0.08,-88.68,-9.14,-4.58,22.79,135.36,-57.71,1466606748.59472,0
22.28,15.69,45.72808,-1.28,0.04,-0.08,-88.68,-9.14,-4.58,22.79,135.36,-57.71,1466606748.859153,0
22.28,15.69,45.72808,-0.58,0.26,0.21,-82.62,-13.55,-18.55,-15.14,106.88,-126.52,1466606749.02463,0
22.28,15.69,45.72808,-0.58,0.26,0.21,-82.62,-13.55,-18.55,-15.14,106.88,-126.52,1466606749.264485,0
22.28,15.69,45.72808,-0.58,0.26,0.21,-82.62,-13.55,-18.55,-15.14,106.88,-126.52,1466606749.374644,0
22.28,15.69,45.72808,-0.58,0.26,0.21,-82.62,-13.55,-18.55,-15.14,106.88,-126.52,1466606749.549895,0
22.28,15.69,45.72808,-0.83,0.02,-0.08,-42.58,-19.86,-6.71,29.23,66.56,-88.44,1466606749.874597,0
22.28,15.69,45.72808,-0.83,0.02,-0.08,-42.58,-19.86,-6.71,29.23,66.56,-88.44,1466606750.034551,0
22.28,16.00,45.72808,-0.83,0.02,-0.08,-42.58,-19.86,-6.71,29.23,66.56,-88.44,1466606750.194643,0
22.28,16.00,45.72808,-0.83,0.02,-0.08,-42.58,-19.86,-6.71,29.23,66.56,-88.44,1466606750.384594,0
22.28,16.00,45.72808,-0.83,0.02,-0.08,-42.58,-19.86,-6.71,29.23,66.56,-88.44,1466606750.624673,0
22.28,16.00,45.72808,-0.97,0.11,-0.03,-78.99,-8.59,-0.97,9.89,53.52,-131.16,1466606750.904615,0
22.28,16.00,45.72808,-0.97,0.11,-0.03,-78.99,-8.59,-0.97,9.89,53.52,-131.16,1466606750.964487,0
22.28,15.59,45.72808,-0.97,0.11,-0.03,-78.99,-8.59,-0.97,9.89,53.52,-131.16,1466606751.204637,0
22.28,15.59,45.72808,-0.97,0.11,-0.03,-78.99,-8.59,-0.97,9.89,53.52,-131.16,1466606751.414632,0
22.28,15.59,45.72808,-0.97,0.11,-0.03,-78.99,-8.59,-0.97,9.89,53.52,-131.16,1466606751.634628,0
22.28,15.59,45.72808,-0.97,0.11,-0.03,-78.99,-8.59,-0.97,9.89,53.52,-131.16,1466606751.744663,0
22.28,15.59,45.72808,-0.59,-0.03,-0.10,-70.15,-5.03,4.18,52.32,89.94,-122.92,1466606751.944601,0
22.28,15.78,45.72808,-0.59,-0.03,-0.10,-70.15,-5.03,4.18,52.32,89.94,-122.92,1466606752.234789,0
22.28,15.78,45.72808,-0.59,-0.03,-0.10,-70.15,-5.03,4.18,52.32,89.94,-122.92,1466606752.435049,0
22.28,15.78,45.72808,-0.59,-0.03,-0.10,-70.15,-5.03,4.18,52.32,89.94,-122.92,1466606752.545223,0
22.28,15.78,45.72808,-1.52,0.01,0.13,-92.80,-13.34,-1.07,13.49,121.42,-102.68,1466606752.847409,0
22.28,15.78,45.72808,-1.52,0.01,0.13,-92.80,-13.34,-1.07,13.49,121.42,-102.68,1466606753.017929,0
22.28,15.88,45.75097,-1.52,0.01,0.13,-92.80,-13.34,-1.07,13.49,121.42,-102.68,1466606753.237417,0
22.28,15.88,45.75097,-1.52,0.01,0.13,-92.80,-13.34,-1.07,13.49,121.42,-102.68,1466606753.34741,0
22.28,15.88,45.75097,-1.52,0.01,0.13,-92.80,-13.34,-1.07,13.49,121.42,-102.68,1466606753.56735,0
22.28,15.88,45.75097,-1.52,0.01,0.13,-92.80,-13.34,-1.07,13.49,121.42,-102.68,1466606753.867238,0
22.28,15.88,45.75097,-1.02,-0.03,0.09,-85.10,-18.86,7.95,48.72,100.28,-29.98,1466606754.017442,0
22.28,15.75,45.75097,-1.02,-0.03,0.09,-85.10,-18.86,7.95,48.72,100.28,-29.98,1466606754.23741,0
22.28,15.75,45.75097,-1.02,-0.03,0.09,-85.10,-18.86,7.95,48.72,100.28,-29.98,1466606754.487407,0
22.28,15.75,45.75097,-1.02,-0.03,0.09,-85.10,-18.86,7.95,48.72,100.28,-29.98,1466606756.223195,0
22.28,15.62,45.75097,-0.65,-0.07,0.06,-83.31,3.85,6.51,19.64,60.86,-115.87,1466606756.738198,0
22.28,15.75,45.72808,-0.65,-0.07,0.06,-83.31,3.85,6.51,19.64,60.86,-115.87,1466606756.808782,0
22.28,15.75,45.72808,-1.19,0.03,-0.18,-81.09,-11.11,1.87,-17.39,75.40,-187.53,1466606757.048412,0
22.28,15.81,45.75097,-1.19,0.03,-0.18,-81.09,-11.11,1.87,-17.39,75.40,-187.53,1466606757.348693,0
22.28,15.81,45.75097,-1.19,0.03,-0.18,-81.09,-11.11,1.87,-17.39,75.40,-187.53,1466606757.418809,0
22.28,15.81,45.75097,-1.19,0.03,-0.18,-81.09,-11.11,1.87,-17.39,75.40,-187.53,1466606757.664959,0
22.28,15.81,45.75097,-1.19,0.03,-0.18,-81.09,-11.11,1.87,-17.39,75.40,-187.53,1466606757.739254,0
22.28,15.81,45.75097,-0.75,0.05,-0.03,-7.21,-5.54,-7.35,3.00,86.19,-104.63,1466606757.969006,0
22.28,15.97,45.75097,-0.75,0.05,-0.03,-7.21,-5.54,-7.35,3.00,86.19,-104.63,1466606758.269246,0
22.28,15.97,45.72808,-0.75,0.05,-0.03,-7.21,-5.54,-7.35,3.00,86.19,-104.63,1466606758.369324,0
22.28,15.97,45.72808,-0.75,0.05,-0.03,-7.21,-5.54,-7.35,3.00,86.19,-104.63,1466606758.579714,0
22.28,15.97,45.72808,-0.75,0.05,-0.03,-7.21,-5.54,-7.35,3.00,86.19,-104.63,1466606758.789997,0
22.28,15.97,45.72808,-0.57,0.06,0.08,-75.90,-8.75,2.79,9.59,118.87,-72.10,1466606759.090234,0
22.28,15.81,45.72808,-0.57,0.06,0.08,-75.90,-8.75,2.79,9.59,118.87,-72.10,1466606759.169855,0
22.28,15.81,45.75097,-0.57,0.06,0.08,-75.90,-8.75,2.79,9.59,118.87,-72.10,1466606759.500539,0
22.28,15.81,45.75097,-0.57,0.06,0.08,-75.90,-8.75,2.79,9.59,118.87,-72.10,1466606759.624688,0
22.28,15.81,45.75097,-0.57,0.06,0.08,-75.90,-8.75,2.79,9.59,118.87,-72.10,1466606759.914707,0
22.28,15.81,45.75097,-0.43,0.18,-0.06,-81.73,10.80,-1.22,-1.80,103.88,-101.33,1466606760.044668,0
22.28,15.75,45.75097,-0.43,0.18,-0.06,-81.73,10.80,-1.22,-1.80,103.88,-101.33,1466606760.317405,0
22.28,15.75,45.6289,-0.43,0.18,-0.06,-81.73,10.80,-1.22,-1.80,103.88,-101.33,1466606760.377236,0
22.28,15.75,45.6289,-0.43,0.18,-0.06,-81.73,10.80,-1.22,-1.80,103.88,-101.33,1466606760.627864,0
22.28,15.75,45.6289,-0.43,0.18,-0.06,-81.73,10.80,-1.22,-1.80,103.88,-101.33,1466606760.827415,0
22.28,15.75,45.6289,-1.83,-0.12,-0.13,-0.20,-16.27,-0.79,37.78,62.66,-92.19,1466606761.017379,0
22.28,15.75,45.6289,-1.83,-0.12,-0.13,-0.20,-16.27,-0.79,37.78,62.66,-92.19,1466606761.247327,0
22.28,15.84,45.60601,-1.83,-0.12,-0.13,-0.20,-16.27,-0.79,37.78,62.66,-92.19,1466606761.437882,0
22.28,15.84,45.60601,-1.83,-0.12,-0.13,-0.20,-16.27,-0.79,37.78,62.66,-92.19,1466606761.570816,0
22.28,15.84,45.60601,-1.83,-0.12,-0.13,-0.20,-16.27,-0.79,37.78,62.66,-92.19,1466606761.857416,0
22.28,15.84,45.60601,-1.11,-0.00,-0.11,-84.55,8.05,0.97,21.29,61.31,-121.57,1466606762.060259,0
22.28,15.84,45.60601,-1.11,-0.00,-0.11,-84.55,8.05,0.97,21.29,61.31,-121.57,1466606762.176575,0
22.28,15.84,45.72808,-1.11,-0.00,-0.11,-84.55,8.05,0.97,21.29,61.31,-121.57,1466606762.450514,0
22.28,15.84,45.72808,-1.11,-0.00,-0.11,-84.55,8.05,0.97,21.29,61.31,-121.57,1466606762.550623,0
22.28,15.84,45.72808,-1.11,-0.00,-0.11,-84.55,8.05,0.97,21.29,61.31,-121.57,1466606762.780703,0
22.28,15.84,45.72808,-0.74,0.06,-0.06,-85.24,-18.30,-2.89,38.67,99.24,-120.82,1466606762.99101,0
22.28,15.78,45.6289,-0.74,0.06,-0.06,-85.24,-18.30,-2.89,38.67,99.24,-120.82,1466606763.291261,0
22.28,15.78,45.6289,-0.74,0.06,-0.06,-85.24,-18.30,-2.89,38.67,99.24,-120.82,1466606763.381161,0
22.28,15.78,45.6289,-0.74,0.06,-0.06,-85.24,-18.30,-2.89,38.67,99.24,-120.82,1466606763.701554,0
22.28,15.78,45.6289,-0.74,0.06,-0.06,-85.24,-18.30,-2.89,38.67,99.24,-120.82,1466606763.78148,0
22.28,15.78,45.6289,-1.12,0.02,-0.01,-69.69,-12.51,-3.39,18.14,135.66,-101.93,1466606763.982091,0
22.28,15.62,45.6289,-1.12,0.02,-0.01,-69.69,-12.51,-3.39,18.14,135.66,-101.93,1466606764.211943,0
22.28,15.62,45.60601,-1.12,0.02,-0.01,-69.69,-12.51,-3.39,18.14,135.66,-101.93,1466606764.532499,0
22.28,15.62,45.60601,-1.12,0.02,-0.01,-69.69,-12.51,-3.39,18.14,135.66,-101.93,1466606764.652403,0
22.28,15.62,45.60601,-1.12,0.02,-0.01,-69.69,-12.51,-3.39,18.14,135.66,-101.93,1466606764.782246,0
22.28,15.62,45.60601,-1.12,0.02,-0.01,-69.69,-12.51,-3.39,18.14,135.66,-101.93,1466606764.972499,0
22.28,15.62,45.60601,-1.12,0.02,-0.01,-69.69,-12.51,-3.39,18.14,135.66,-101.93,1466606765.152642,0
22.28,15.75,45.60601,-0.95,-0.10,0.05,-65.17,-9.65,7.90,33.73,107.78,-44.67,1466606765.654656,0
22.28,15.75,45.60601,-0.95,-0.10,0.05,-65.17,-9.65,7.90,33.73,107.78,-44.67,1466606765.724572,0
22.28,15.75,45.60601,-0.95,-0.10,0.05,-65.17,-9.65,7.90,33.73,107.78,-44.67,1466606765.784487,0
22.28,15.75,45.60601,-1.19,-0.10,-0.08,-42.07,-5.70,6.91,81.40,86.04,-61.16,1466606766.04466,0
22.28,15.75,45.60601,-1.19,-0.10,-0.08,-42.07,-5.70,6.91,81.40,86.04,-61.16,1466606766.144858,0
22.28,15.97,45.6289,-1.19,-0.10,-0.08,-42.07,-5.70,6.91,81.40,86.04,-61.16,1466606766.38049,0
22.28,15.97,45.6289,-1.19,-0.10,-0.08,-42.07,-5.70,6.91,81.40,86.04,-61.16,1466606766.583099,0
22.28,15.97,45.6289,-1.19,-0.10,-0.08,-42.07,-5.70,6.91,81.40,86.04,-61.16,1466606766.748825,0
22.28,15.97,45.6289,-0.96,0.09,0.12,-91.06,17.11,-3.07,42.27,70.30,-86.19,1466606767.090648,0
22.28,15.97,45.6289,-0.96,0.09,0.12,-91.06,17.11,-3.07,42.27,70.30,-86.19,1466606767.152889,0
22.28,16.03,45.6289,-0.96,0.09,0.12,-91.06,17.11,-3.07,42.27,70.30,-86.19,1466606767.362631,0
22.28,16.03,45.6289,-0.96,0.09,0.12,-91.06,17.11,-3.07,42.27,70.30,-86.19,1466606767.702909,0
22.28,16.03,45.6289,-0.19,0.06,0.14,-85.33,-14.81,-8.47,-4.20,67.91,-157.40,1466606767.842964,0
22.28,16.03,45.6289,-0.19,0.06,0.14,-85.33,-14.81,-8.47,-4.20,67.91,-157.40,1466606767.953094,0
22.28,16.03,45.6289,-0.19,0.06,0.14,-85.33,-14.81,-8.47,-4.20,67.91,-157.40,1466606768.153243,0
22.28,15.69,45.6289,-0.19,0.06,0.14,-85.33,-14.81,-8.47,-4.20,67.91,-157.40,1466606768.363406,0
22.28,15.69,45.6289,-0.19,0.06,0.14,-85.33,-14.81,-8.47,-4.20,67.91,-157.40,1466606768.643593,0
22.28,15.69,45.6289,-0.19,0.06,0.14,-85.33,-14.81,-8.47,-4.20,67.91,-157.40,1466606768.792692,0
22.28,15.69,45.6289,-0.72,0.02,-0.28,-0.93,-7.26,-10.23,7.65,76.15,-103.88,1466606769.033946,0
22.28,15.69,45.6289,-0.72,0.02,-0.28,-0.93,-7.26,-10.23,7.65,76.15,-103.88,1466606769.154023,0
22.31,16.00,45.6289,-0.72,0.02,-0.28,-0.93,-7.26,-10.23,7.65,76.15,-103.88,1466606769.344177,0
22.31,16.00,45.6289,-0.72,0.02,-0.28,-0.93,-7.26,-10.23,7.65,76.15,-103.88,1466606769.644959,0
22.31,16.00,45.6289,-0.40,0.08,0.01,-83.08,-15.05,-4.40,21.29,140.31,-87.84,1466606769.834598,0
22.31,16.00,45.6289,-0.40,0.08,0.01,-83.08,-15.05,-4.40,21.29,140.31,-87.84,1466606770.014663,0
22.28,15.66,45.6289,-0.40,0.08,0.01,-83.08,-15.05,-4.40,21.29,140.31,-87.84,1466606770.254587,0
22.28,15.66,45.60601,-0.40,0.08,0.01,-83.08,-15.05,-4.40,21.29,140.31,-87.84,1466606770.344598,0
22.28,15.66,45.60601,-0.40,0.08,0.01,-83.08,-15.05,-4.40,21.29,140.31,-87.84,1466606770.63463,0
22.28,15.66,45.60601,-0.88,0.10,-0.15,-88.44,-8.64,-15.38,43.47,90.09,-40.77,1466606770.864663,0
22.28,15.66,45.60601,-0.88,0.10,-0.15,-88.44,-8.64,-15.38,43.47,90.09,-40.77,1466606770.964607,0
22.31,16.09,45.60601,-0.88,0.10,-0.15,-88.44,-8.64,-15.38,43.47,90.09,-40.77,1466606771.284589,0
22.31,16.09,45.6289,-0.88,0.10,-0.15,-88.44,-8.64,-15.38,43.47,90.09,-40.77,1466606771.394488,0
22.31,16.09,45.6289,-0.88,0.10,-0.15,-88.44,-8.64,-15.38,43.47,90.09,-40.77,1466606771.694132,0
22.31,16.09,45.6289,-0.88,0.10,-0.15,-88.44,-8.64,-15.38,43.47,90.09,-40.77,1466606771.754943,0
22.31,16.09,45.6289,-1.38,-0.10,-0.12,-12.06,4.63,-5.84,79.00,94.59,-70.75,1466606771.994527,0
22.31,16.09,45.6289,-1.38,-0.10,-0.12,-12.06,4.63,-5.84,79.00,94.59,-70.75,1466606772.204885,0
22.28,16.03,45.60601,-1.38,-0.10,-0.12,-12.06,4.63,-5.84,79.00,94.59,-70.75,1466606772.504595,0
22.28,16.03,45.60601,-1.38,-0.10,-0.12,-12.06,4.63,-5.84,79.00,94.59,-70.75,1466606772.63506,0
22.28,16.03,45.60601,-1.38,-0.10,-0.12,-12.06,4.63,-5.84,79.00,94.59,-70.75,1466606772.753149,0
22.28,16.03,45.60601,-0.46,-0.00,0.28,-108.43,-20.86,-9.47,24.43,50.22,-100.28,1466606772.989164,0
22.31,16.00,45.60601,-0.46,-0.00,0.28,-108.43,-20.86,-9.47,24.43,50.22,-100.28,1466606773.327409,0
22.31,16.00,45.6289,-0.46,-0.00,0.28,-108.43,-20.86,-9.47,24.43,50.22,-100.28,1466606773.397322,0
22.31,16.00,45.6289,-0.46,-0.00,0.28,-108.43,-20.86,-9.47,24.43,50.22,-100.28,1466606773.637414,0
22.31,16.00,45.6289,-0.46,-0.00,0.28,-108.43,-20.86,-9.47,24.43,50.22,-100.28,1466606773.76739,0
22.31,16.00,45.6289,-0.71,0.00,-0.06,-74.80,0.02,-1.30,7.05,103.13,-153.80,1466606774.087949,0
22.31,16.00,45.6289,-0.71,0.00,-0.06,-74.80,0.02,-1.30,7.05,103.13,-153.80,1466606774.157964,0
22.31,15.81,45.6289,-0.71,0.00,-0.06,-74.80,0.02,-1.30,7.05,103.13,-153.80,1466606774.458053,0
22.31,15.81,45.6289,-0.71,0.00,-0.06,-74.80,0.02,-1.30,7.05,103.13,-153.80,1466606775.574603,0
22.31,15.59,45.6289,-0.81,-0.19,-0.15,-6.85,3.18,1.88,6.75,120.67,-92.04,1466606775.96456,0
22.31,15.59,45.6289,-1.09,0.10,-0.12,-85.15,21.96,4.14,52.02,98.34,-24.58,1466606776.294667,0
22.31,15.78,45.6289,-1.09,0.10,-0.12,-85.15,21.96,4.14,52.02,98.34,-24.58,1466606776.404608,0
22.31,15.78,45.6289,-1.09,0.10,-0.12,-85.15,21.96,4.14,52.02,98.34,-24.58,1466606776.544665,0
22.31,15.78,45.6289,-0.71,0.06,0.09,-83.20,-10.49,-1.97,-2.70,108.98,-125.77,1466606776.834658,0
22.31,15.78,45.6289,-0.71,0.06,0.09,-83.20,-10.49,-1.97,-2.70,108.98,-125.77,1466606776.944602,0
22.31,15.78,45.6289,-0.71,0.06,0.09,-83.20,-10.49,-1.97,-2.70,108.98,-125.77,1466606777.204682,0
22.31,15.88,45.6289,-0.71,0.06,0.09,-83.20,-10.49,-1.97,-2.70,108.98,-125.77,1466606777.424528,0
22.31,15.88,45.6289,-0.71,0.06,0.09,-83.20,-10.49,-1.97,-2.70,108.98,-125.77,1466606777.734622,0
22.31,15.88,45.6289,-0.71,0.06,0.09,-83.20,-10.49,-1.97,-2.70,108.98,-125.77,1466606777.79463,0
22.31,15.88,45.6289,0.08,0.17,-0.16,-73.99,-6.28,-16.04,36.58,73.45,-88.89,1466606778.034732,0
22.31,15.88,45.6289,0.08,0.17,-0.16,-73.99,-6.28,-16.04,36.58,73.45,-88.89,1466606778.344643,0
22.31,15.78,45.6289,0.08,0.17,-0.16,-73.99,-6.28,-16.04,36.58,73.45,-88.89,1466606778.41526,0
22.31,15.78,45.6289,0.08,0.17,-0.16,-73.99,-6.28,-16.04,36.58,73.45,-88.89,1466606778.594582,0
22.31,15.78,45.6289,-0.45,0.12,0.08,-84.40,-7.32,-5.89,3.90,63.56,-148.25,1466606778.854664,0
22.31,15.78,45.6289,-0.45,0.12,0.08,-84.40,-7.32,-5.89,3.90,63.56,-148.25,1466606778.944596,0
22.31,15.78,45.6289,-0.45,0.12,0.08,-84.40,-7.32,-5.89,3.90,63.56,-148.25,1466606779.264635,0
22.31,15.91,45.6289,-0.45,0.12,0.08,-84.40,-7.32,-5.89,3.90,63.56,-148.25,1466606779.384604,0
22.31,15.91,45.6289,-0.45,0.12,0.08,-84.40,-7.32,-5.89,3.90,63.56,-148.25,1466606779.57463,0
22.31,15.91,45.6289,-0.45,0.12,0.08,-84.40,-7.32,-5.89,3.90,63.56,-148.25,1466606779.804605,0
22.31,15.91,45.6289,-0.71,0.19,-0.28,-36.90,-5.87,-25.14,29.53,76.30,-121.27,1466606780.004606,0
22.31,15.91,45.6289,-0.71,0.19,-0.28,-36.90,-5.87,-25.14,29.53,76.30,-121.27,1466606780.294663,0
22.31,15.81,45.6289,-0.71,0.19,-0.28,-36.90,-5.87,-25.14,29.53,76.30,-121.27,1466606780.374631,0
22.31,15.81,45.6289,-0.71,0.19,-0.28,-36.90,-5.87,-25.14,29.53,76.30,-121.27,1466606780.584631,0
22.31,15.81,45.6289,-0.71,0.19,-0.28,-36.90,-5.87,-25.14,29.53,76.30,-121.27,1466606780.747083,0
22.31,15.81,45.6289,-0.46,0.07,0.11,-86.92,0.74,11.00,7.20,129.82,-101.18,1466606781.026599,0
22.31,15.81,45.6289,-0.46,0.07,0.11,-86.92,0.74,11.00,7.20,129.82,-101.18,1466606781.177311,0
22.31,15.66,45.6289,-0.46,0.07,0.11,-86.92,0.74,11.00,7.20,129.82,-101.18,1466606781.525637,0
22.31,15.66,45.6289,-0.46,0.07,0.11,-86.92,0.74,11.00,7.20,129.82,-101.18,1466606781.587386,0
22.31,15.66,45.6289,-0.46,0.07,0.11,-86.92,0.74,11.00,7.20,129.82,-101.18,1466606781.92724,0
22.31,15.66,45.6289,-0.94,-0.01,0.11,-82.39,-30.35,-0.06,58.31,105.23,-27.88,1466606781.997354,0
22.31,15.66,45.6289,-0.94,-0.01,0.11,-82.39,-30.35,-0.06,58.31,105.23,-27.88,1466606782.3374,0
22.31,15.75,45.6289,-0.94,-0.01,0.11,-82.39,-30.35,-0.06,58.31,105.23,-27.88,1466606782.407363,0
22.31,15.75,45.6289,-0.94,-0.01,0.11,-82.39,-30.35,-0.06,58.31,105.23,-27.88,1466606782.587409,0
22.31,15.75,45.6289,-0.94,-0.01,0.11,-82.39,-30.35,-0.06,58.31,105.23,-27.88,1466606782.847863,0
22.31,15.75,45.6289,-1.84,0.00,-0.24,-4.47,-15.99,-9.32,60.56,99.69,-80.95,1466606783.057408,0
22.31,15.75,45.6289,-1.84,0.00,-0.24,-4.47,-15.99,-9.32,60.56,99.69,-80.95,1466606783.14741,0
22.31,16.00,45.6289,-1.84,0.00,-0.24,-4.47,-15.99,-9.32,60.56,99.69,-80.95,1466606783.467414,0
22.31,16.00,45.6289,-1.84,0.00,-0.24,-4.47,-15.99,-9.32,60.56,99.69,-80.95,1466606783.667386,0
22.31,16.00,45.6289,-1.84,0.00,-0.24,-4.47,-15.99,-9.32,60.56,99.69,-80.95,1466606783.747505,0
22.31,16.00,45.6289,-1.48,0.06,0.02,-74.22,-13.77,-7.77,39.27,72.55,-89.79,1466606784.087894,0
22.31,16.00,45.6289,-1.48,0.06,0.02,-74.22,-13.77,-7.77,39.27,72.55,-89.79,1466606784.254677,0
22.31,15.84,45.6289,-1.48,0.06,0.02,-74.22,-13.77,-7.77,39.27,72.55,-89.79,1466606784.344686,0
22.31,15.84,45.6289,-1.48,0.06,0.02,-74.22,-13.77,-7.77,39.27,72.55,-89.79,1466606784.564717,0
22.31,15.84,45.6289,-1.48,0.06,0.02,-74.22,-13.77,-7.77,39.27,72.55,-89.79,1466606784.904612,0
22.31,15.84,45.6289,-1.48,0.06,0.02,-74.22,-13.77,-7.77,39.27,72.55,-89.79,1466606784.96466,0
22.31,15.84,45.6289,-1.48,0.06,0.02,-74.22,-13.77,-7.77,39.27,72.55,-89.79,1466606785.144679,0
22.31,15.66,45.50683,-0.52,0.02,0.18,-73.72,-20.23,0.33,-29.08,88.29,-189.63,1466606785.344695,0
22.31,15.66,45.50683,-0.52,0.02,0.18,-73.72,-20.23,0.33,-29.08,88.29,-189.63,1466606785.714606,0
22.31,15.66,45.50683,-0.52,0.02,0.18,-73.72,-20.23,0.33,-29.08,88.29,-189.63,1466606785.77455,0
22.31,15.66,45.50683,-1.53,0.10,-0.11,-5.03,16.93,-0.89,16.19,123.67,-93.99,1466606786.132681,0
22.31,15.66,45.50683,-1.53,0.10,-0.11,-5.03,16.93,-0.89,16.19,123.67,-93.99,1466606786.194602,0
22.31,16.03,45.50683,-1.53,0.10,-0.11,-5.03,16.93,-0.89,16.19,123.67,-93.99,1466606786.437239,0
22.31,16.03,45.50683,-1.53,0.10,-0.11,-5.03,16.93,-0.89,16.19,123.67,-93.99,1466606786.587413,0
22.31,16.03,45.50683,-1.02,-0.08,-0.17,-89.23,-15.88,-10.75,11.84,124.12,-62.06,1466606786.907419,0
22.31,16.03,45.50683,-1.02,-0.08,-0.17,-89.23,-15.88,-10.75,11.84,124.12,-62.06,1466606786.977327,0
22.31,16.03,45.50683,-1.02,-0.08,-0.17,-89.23,-15.88,-10.75,11.84,124.12,-62.06,1466606787.187409,0
22.31,16.06,45.50683,-1.02,-0.08,-0.17,-89.23,-15.88,-10.75,11.84,124.12,-62.06,1466606787.347408,0
22.31,16.06,45.50683,-1.02,-0.08,-0.17,-89.23,-15.88,-10.75,11.84,124.12,-62.06,1466606787.667376,0
22.31,16.06,45.50683,-1.02,-0.08,-0.17,-89.23,-15.88,-10.75,11.84,124.12,-62.06,1466606787.747402,0
22.31,16.06,45.50683,-1.05,0.02,0.13,-90.85,-0.14,-5.84,-14.09,106.88,-121.42,1466606788.077348,0
22.31,16.06,45.50683,-1.05,0.02,0.13,-90.85,-0.14,-5.84,-14.09,106.88,-121.42,1466606788.16741,0
22.31,15.88,45.50683,-1.05,0.02,0.13,-90.85,-0.14,-5.84,-14.09,106.88,-121.42,1466606788.377405,0
22.31,15.88,45.50683,-1.05,0.02,0.13,-90.85,-0.14,-5.84,-14.09,106.88,-121.42,1466606788.547411,0
22.31,15.88,45.50683,-1.05,0.02,0.13,-90.85,-0.14,-5.84,-14.09,106.88,-121.42,1466606788.787409,0
22.31,15.88,45.50683,-0.88,0.02,-0.02,-14.50,-7.69,-7.19,31.63,62.36,-91.74,1466606789.033053,0
22.31,15.88,45.50683,-0.88,0.02,-0.02,-14.50,-7.69,-7.19,31.63,62.36,-91.74,1466606789.197393,0
22.31,15.97,45.50683,-0.88,0.02,-0.02,-14.50,-7.69,-7.19,31.63,62.36,-91.74,1466606789.430832,0
22.31,15.97,45.50683,-0.88,0.02,-0.02,-14.50,-7.69,-7.19,31.63,62.36,-91.74,1466606789.617412,0
22.31,15.97,45.50683,-0.88,0.02,-0.02,-14.50,-7.69,-7.19,31.63,62.36,-91.74,1466606789.817391,0
22.31,15.97,45.50683,-1.06,0.05,0.10,-83.17,9.82,0.14,19.94,53.52,-118.12,1466606789.957651,0
22.31,15.97,45.50683,-1.06,0.05,0.10,-83.17,9.82,0.14,19.94,53.52,-118.12,1466606790.207903,0
22.31,15.97,45.50683,-1.06,0.05,0.10,-83.17,9.82,0.14,19.94,53.52,-118.12,1466606790.344726,0
22.31,15.97,45.50683,-1.06,0.05,0.10,-83.17,9.82,0.14,19.94,53.52,-118.12,1466606790.638419,0
22.31,15.97,45.50683,-1.06,0.05,0.10,-83.17,9.82,0.14,19.94,53.52,-118.12,1466606790.842606,0
22.31,15.97,45.50683,-1.10,-0.02,-0.02,-89.24,9.69,-4.86,47.52,94.44,-116.62,1466606791.047281,0
22.31,15.97,45.50683,-1.10,-0.02,-0.02,-89.24,9.69,-4.86,47.52,94.44,-116.62,1466606791.247239,0
22.31,16.06,45.50683,-1.10,-0.02,-0.02,-89.24,9.69,-4.86,47.52,94.44,-116.62,1466606791.427419,0
22.31,16.06,45.50683,-1.10,-0.02,-0.02,-89.24,9.69,-4.86,47.52,94.44,-116.62,1466606791.567411,0
22.31,16.06,45.50683,-1.10,-0.02,-0.02,-89.24,9.69,-4.86,47.52,94.44,-116.62,1466606791.747238,0
22.31,16.06,45.50683,-0.78,0.01,-0.37,-78.92,-10.59,-10.35,17.54,123.67,-96.39,1466606791.947237,0
22.31,16.06,45.50683,-0.78,0.01,-0.37,-78.92,-10.59,-10.35,17.54,123.67,-96.39,1466606792.267406,0
22.31,15.97,45.50683,-0.78,0.01,-0.37,-78.92,-10.59,-10.35,17.54,123.67,-96.39,1466606792.387415,0
22.31,15.97,45.50683,-0.78,0.01,-0.37,-78.92,-10.59,-10.35,17.54,123.67,-96.39,1466606792.697407,0
22.31,15.97,45.50683,-1.21,-0.11,0.10,-90.33,-13.81,4.37,36.58,104.93,-40.17,1466606792.887352,0
22.31,15.97,45.50683,-1.21,-0.11,0.10,-90.33,-13.81,4.37,36.58,104.93,-40.17,1466606793.087418,0
22.31,15.97,45.50683,-1.21,-0.11,0.10,-90.33,-13.81,4.37,36.58,104.93,-40.17,1466606793.207635,0
22.31,15.88,45.50683,-1.21,-0.11,0.10,-90.33,-13.81,4.37,36.58,104.93,-40.17,1466606793.384663,0
22.31,15.88,45.50683,-1.21,-0.11,0.10,-90.33,-13.81,4.37,36.58,104.93,-40.17,1466606793.594871,0
22.31,15.88,45.50683,-0.96,0.18,-0.03,-32.48,8.33,1.56,35.38,114.83,-116.17,1466606796.874601,0
22.31,15.88,45.50683,-0.96,0.18,-0.03,-32.48,8.33,1.56,35.38,114.83,-116.17,1466606796.874601,0
22.31,15.88,45.50683,-0.96,0.18,-0.03,-32.48,8.33,1.56,35.38,114.83,-116.17,1466606800.086782,0
22.31,15.88,45.50683,-0.96,0.18,-0.03,-32.48,8.33,1.56,35.38,114.83,-116.17,1466606800.086782,0
22.31,15.88,45.50683,-0.96,0.18,-0.03,-32.48,8.33,1.56,35.38,114.83,-116.17,1466606800.086782,0
22.31,15.88,45.50683,-0.96,0.18,-0.03,-32.48,8.33,1.56,35.38,114.83,-116.17,1466606800.086782,0
22.31,15.88,45.50683,-0.96,0.18,-0.03,-32.48,8.33,1.56,35.38,114.83,-116.17,1466606800.086782,0
22.31,15.88,45.50683,-0.96,0.18,-0.03,-32.48,8.33,1.56,35.38,114.83,-116.17,1466606800.086782,0
22.31,15.84,45.50683,-1.11,0.01,0.02,-91.20,-28.68,-8.23,34.18,63.11,-83.80,1466606800.086782,0
22.31,15.84,45.50683,-1.11,0.01,0.02,-91.20,-28.68,-8.23,34.18,63.11,-83.80,1466606800.086782,0
22.31,15.84,45.50683,-1.11,0.01,0.02,-91.20,-28.68,-8.23,34.18,63.11,-83.80,1466606800.086782,0
22.31,15.84,45.50683,-0.86,0.02,0.06,-92.12,-13.67,-10.91,5.70,102.83,-155.45,1466606800.086782,0
22.31,15.84,45.50683,-0.86,0.02,0.06,-92.12,-13.67,-10.91,5.70,102.83,-155.45,1466606800.086782,0
22.31,15.78,45.50683,-0.86,0.02,0.06,-92.12,-13.67,-10.91,5.70,102.83,-155.45,1466606800.09672,0
22.31,15.78,45.50683,-0.86,0.02,0.06,-92.12,-13.67,-10.91,5.70,102.83,-155.45,1466606800.09672,0
22.31,15.78,45.50683,-0.86,0.02,0.06,-92.12,-13.67,-10.91,5.70,102.83,-155.45,1466606800.09672,0
22.31,15.78,45.50683,-0.92,-0.23,-0.20,-4.09,-11.70,10.51,5.85,82.60,-109.73,1466606800.09672,0
22.31,15.78,45.50683,-0.92,-0.23,-0.20,-4.09,-11.70,10.51,5.85,82.60,-109.73,1466606800.09672,0
22.31,15.97,45.50683,-0.92,-0.23,-0.20,-4.09,-11.70,10.51,5.85,82.60,-109.73,1466606800.09672,0
22.31,15.97,45.50683,-0.92,-0.23,-0.20,-4.09,-11.70,10.51,5.85,82.60,-109.73,1466606800.09672,0
22.31,15.97,45.50683,-0.76,-0.02,-0.04,-84.57,-10.46,-3.23,23.38,126.07,-75.25,1466606800.09672,0
22.31,15.97,45.50683,-0.76,-0.02,-0.04,-84.57,-10.46,-3.23,23.38,126.07,-75.25,1466606800.09672,0
22.31,15.97,45.50683,-0.76,-0.02,-0.04,-84.57,-10.46,-3.23,23.38,126.07,-75.25,1466606800.09672,0
22.31,16.03,45.50683,-0.76,-0.02,-0.04,-84.57,-10.46,-3.23,23.38,126.07,-75.25,1466606800.09672,0
22.31,16.03,45.50683,-0.76,-0.02,-0.04,-84.57,-10.46,-3.23,23.38,126.07,-75.25,1466606800.09672,0
22.31,16.03,45.50683,-0.76,-0.02,-0.04,-84.57,-10.46,-3.23,23.38,126.07,-75.25,1466606800.09672,0
22.31,16.03,45.50683,-0.18,-0.03,0.02,-81.67,-34.02,-11.32,30.43,99.09,-62.06,1466606800.106726,0
22.31,16.03,45.50683,-0.18,-0.03,0.02,-81.67,-34.02,-11.32,30.43,99.09,-62.06,1466606800.106726,0
22.31,15.88,45.50683,-0.18,-0.03,0.02,-81.67,-34.02,-11.32,30.43,99.09,-62.06,1466606800.106726,0
22.31,15.88,45.50683,-0.18,-0.03,0.02,-81.67,-34.02,-11.32,30.43,99.09,-62.06,1466606800.106726,0
22.31,15.88,45.50683,-0.74,0.01,-0.12,-10.62,-3.65,1.27,77.50,79.90,-62.51,1466606800.106726,0
22.31,15.88,45.50683,-0.74,0.01,-0.12,-10.62,-3.65,1.27,77.50,79.90,-62.51,1466606800.106726,0
22.31,15.88,45.50683,-0.74,0.01,-0.12,-10.62,-3.65,1.27,77.50,79.90,-62.51,1466606800.257236,0
22.31,16.09,45.50683,-0.74,0.01,-0.12,-10.62,-3.65,1.27,77.50,79.90,-62.51,1466606800.467409,0
22.31,16.09,45.50683,-0.74,0.01,-0.12,-10.62,-3.65,1.27,77.50,79.90,-62.51,1466606800.550446,0
22.31,16.09,45.50683,-0.74,0.01,-0.12,-10.62,-3.65,1.27,77.50,79.90,-62.51,1466606800.797411,0
22.31,16.09,45.50683,-0.94,-0.04,-0.14,-81.94,-27.81,2.79,19.94,52.77,-104.03,1466606800.952169,0
22.31,16.09,45.50683,-0.94,-0.04,-0.14,-81.94,-27.81,2.79,19.94,52.77,-104.03,1466606801.207551,0
22.31,16.09,45.50683,-0.94,-0.04,-0.14,-81.94,-27.81,2.79,19.94,52.77,-104.03,1466606801.387761,0
22.31,15.69,45.50683,-0.94,-0.04,-0.14,-81.94,-27.81,2.79,19.94,52.77,-104.03,1466606801.693604,0
22.31,15.69,45.50683,-0.94,-0.04,-0.14,-81.94,-27.81,2.79,19.94,52.77,-104.03,1466606801.763538,0
22.31,15.69,45.50683,-0.03,-0.06,-0.12,-89.17,22.56,-13.23,13.94,104.03,-145.11,1466606802.103912,0
22.31,15.69,45.50683,-0.03,-0.06,-0.12,-89.17,22.56,-13.23,13.94,104.03,-145.11,1466606802.204014,0
22.31,15.91,45.50683,-0.03,-0.06,-0.12,-89.17,22.56,-13.23,13.94,104.03,-145.11,1466606802.414519,0
22.31,15.91,45.50683,-0.03,-0.06,-0.12,-89.17,22.56,-13.23,13.94,104.03,-145.11,1466606802.6173,0
22.31,15.91,45.50683,-1.07,-0.10,0.06,-19.58,11.43,-1.53,10.19,131.76,-100.88,1466606802.814532,0
22.31,15.91,45.50683,-1.07,-0.10,0.06,-19.58,11.43,-1.53,10.19,131.76,-100.88,1466606803.034653,0
22.31,15.91,45.50683,-1.07,-0.10,0.06,-19.58,11.43,-1.53,10.19,131.76,-100.88,1466606803.164487,0
22.31,15.91,45.50683,-1.07,-0.10,0.06,-19.58,11.43,-1.53,10.19,131.76,-100.88,1466606803.363463,0
22.31,15.88,45.50683,-1.07,-0.10,0.06,-19.58,11.43,-1.53,10.19,131.76,-100.88,1466606803.615006,0
22.31,15.88,45.50683,-1.07,-0.10,0.06,-19.58,11.43,-1.53,10.19,131.76,-100.88,1466606803.765567,0
22.31,15.88,45.50683,-0.63,0.19,-0.03,-79.29,-5.18,-13.53,31.93,118.12,-47.82,1466606804.035973,0
22.31,15.88,45.50683,-0.63,0.19,-0.03,-79.29,-5.18,-13.53,31.93,118.12,-47.82,1466606804.258213,0
22.31,15.88,45.50683,-0.63,0.19,-0.03,-79.29,-5.18,-13.53,31.93,118.12,-47.82,1466606804.346121,0
22.31,15.91,45.50683,-0.63,0.19,-0.03,-79.29,-5.18,-13.53,31.93,118.12,-47.82,1466606804.597403,0
22.31,15.91,45.50683,-0.63,0.19,-0.03,-79.29,-5.18,-13.53,31.93,118.12,-47.82,1466606804.747375,0
22.31,15.91,45.50683,-0.63,0.19,-0.03,-79.29,-5.18,-13.53,31.93,118.12,-47.82,1466606805.077376,0
22.31,15.91,45.50683,-0.86,0.16,0.10,-85.04,15.64,0.67,5.10,106.88,-128.62,1466606805.267462,0
22.31,15.91,45.50683,-0.86,0.16,0.10,-85.04,15.64,0.67,5.10,106.88,-128.62,1466606805.347533,0
22.31,16.03,45.50683,-0.86,0.16,0.10,-85.04,15.64,0.67,5.10,106.88,-128.62,1466606805.684598,0
22.31,16.03,45.50683,-0.86,0.16,0.10,-85.04,15.64,0.67,5.10,106.88,-128.62,1466606805.7546,0
22.31,16.03,45.50683,-0.52,-0.04,-0.08,-87.75,-14.16,-12.82,36.13,65.51,-83.65,1466606806.014571,0
22.31,16.03,45.50683,-0.52,-0.04,-0.08,-87.75,-14.16,-12.82,36.13,65.51,-83.65,1466606806.16939,0
22.31,16.03,45.50683,-0.52,-0.04,-0.08,-87.75,-14.16,-12.82,36.13,65.51,-83.65,1466606806.344602,0
22.31,15.84,45.50683,-0.52,-0.04,-0.08,-87.75,-14.16,-12.82,36.13,65.51,-83.65,1466606806.714681,0
22.31,15.84,45.50683,-0.52,-0.04,-0.08,-87.75,-14.16,-12.82,36.13,65.51,-83.65,1466606806.784573,0
22.31,15.84,45.50683,-0.93,0.30,0.02,-81.51,-6.46,-11.91,1.65,61.76,-142.11,1466606806.954605,0
22.31,15.84,45.50683,-0.93,0.30,0.02,-81.51,-6.46,-11.91,1.65,61.76,-142.11,1466606807.145719,0
22.31,15.84,45.50683,-0.93,0.30,0.02,-81.51,-6.46,-11.91,1.65,61.76,-142.11,1466606807.427413,0
22.31,16.03,45.50683,-0.93,0.30,0.02,-81.51,-6.46,-11.91,1.65,61.76,-142.11,1466606807.627397,0
22.31,16.03,45.50683,-0.93,0.30,0.02,-81.51,-6.46,-11.91,1.65,61.76,-142.11,1466606807.807405,0
22.31,16.03,45.50683,-1.01,-0.02,-0.10,-19.99,-3.94,-1.32,20.69,72.55,-118.27,1466606808.05739,0
22.31,16.03,45.50683,-1.01,-0.02,-0.10,-19.99,-3.94,-1.32,20.69,72.55,-118.27,1466606808.207406,0
22.31,16.03,45.50683,-1.01,-0.02,-0.10,-19.99,-3.94,-1.32,20.69,72.55,-118.27,1466606808.452938,0
22.31,15.81,45.50683,-1.01,-0.02,-0.10,-19.99,-3.94,-1.32,20.69,72.55,-118.27,1466606808.613089,0
22.31,15.81,45.50683,-1.01,-0.02,-0.10,-19.99,-3.94,-1.32,20.69,72.55,-118.27,1466606808.763168,0
22.31,15.81,45.50683,-0.65,0.04,0.11,-100.34,8.89,1.70,9.59,143.16,-102.68,1466606809.043215,0
22.31,15.81,45.50683,-0.65,0.04,0.11,-100.34,8.89,1.70,9.59,143.16,-102.68,1466606809.275094,0
22.31,15.81,45.50683,-0.65,0.04,0.11,-100.34,8.89,1.70,9.59,143.16,-102.68,1466606809.343636,0
22.31,16.03,45.50683,-0.65,0.04,0.11,-100.34,8.89,1.70,9.59,143.16,-102.68,1466606809.68378,0
22.31,16.03,45.50683,-0.65,0.04,0.11,-100.34,8.89,1.70,9.59,143.16,-102.68,1466606809.753945,0
22.31,16.03,45.50683,-0.66,0.03,-0.28,-87.86,-2.08,-1.91,57.41,95.49,-22.19,1466606810.094585,0
22.31,16.03,45.50683,-0.66,0.03,-0.28,-87.86,-2.08,-1.91,57.41,95.49,-22.19,1466606810.184485,0
22.31,16.03,45.50683,-0.66,0.03,-0.28,-87.86,-2.08,-1.91,57.41,95.49,-22.19,1466606810.384526,0
22.31,16.00,45.50683,-0.66,0.03,-0.28,-87.86,-2.08,-1.91,57.41,95.49,-22.19,1466606810.577894,0
22.31,16.00,45.50683,-0.66,0.03,-0.28,-87.86,-2.08,-1.91,57.41,95.49,-22.19,1466606810.807293,0
22.31,16.00,45.50683,-0.97,0.10,-0.59,-2.72,-35.91,-9.21,64.76,99.24,-76.60,1466606811.114712,0
22.31,16.00,45.50683,-0.97,0.10,-0.59,-2.72,-35.91,-9.21,64.76,99.24,-76.60,1466606811.194599,0
22.31,16.00,45.50683,-0.97,0.10,-0.59,-2.72,-35.91,-9.21,64.76,99.24,-76.60,1466606811.38449,0
22.31,15.88,45.50683,-0.97,0.10,-0.59,-2.72,-35.91,-9.21,64.76,99.24,-76.60,1466606811.72468,0
22.31,15.88,45.50683,-0.97,0.10,-0.59,-2.72,-35.91,-9.21,64.76,99.24,-76.60,1466606811.794762,0
22.31,15.88,45.50683,-0.46,-0.08,0.19,-84.22,14.65,8.03,41.97,70.60,-89.64,1466606812.034654,0
22.31,15.88,45.50683,-0.46,-0.08,0.19,-84.22,14.65,8.03,41.97,70.60,-89.64,1466606812.244626,0
22.31,15.88,45.50683,-0.46,-0.08,0.19,-84.22,14.65,8.03,41.97,70.60,-89.64,1466606812.384488,0
22.31,16.06,45.50683,-0.46,-0.08,0.19,-84.22,14.65,8.03,41.97,70.60,-89.64,1466606812.755239,0
22.31,16.06,45.50683,-0.46,-0.08,0.19,-84.22,14.65,8.03,41.97,70.60,-89.64,1466606812.807406,0
22.31,16.06,45.50683,0.07,-0.14,-0.11,-88.82,-50.54,3.63,-21.59,96.54,-179.73,1466606813.167417,0
22.31,16.06,45.50683,0.07,-0.14,-0.11,-88.82,-50.54,3.63,-21.59,96.54,-179.73,1466606813.237413,0
22.31,16.06,45.50683,0.07,-0.14,-0.11,-88.82,-50.54,3.63,-21.59,96.54,-179.73,1466606813.467411,0
22.31,15.84,45.50683,0.07,-0.14,-0.11,-88.82,-50.54,3.63,-21.59,96.54,-179.73,1466606813.557414,0
22.31,15.84,45.50683,-0.88,0.05,0.04,-6.83,-17.53,-5.35,-16.79,93.09,-104.78,1466606813.827358,0
22.31,15.84,45.50683,-0.88,0.05,0.04,-6.83,-17.53,-5.35,-16.79,93.09,-104.78,1466606814.047413,0
22.31,15.84,45.50683,-0.88,0.05,0.04,-6.83,-17.53,-5.35,-16.79,93.09,-104.78,1466606814.287239,0
22.31,15.84,45.50683,-0.88,0.05,0.04,-6.83,-17.53,-5.35,-16.79,93.09,-104.78,1466606814.427354,0
22.31,15.91,45.50683,-0.88,0.05,0.04,-6.83,-17.53,-5.35,-16.79,93.09,-104.78,1466606814.614498,0
22.31,15.91,45.50683,-0.88,0.05,0.04,-6.83,-17.53,-5.35,-16.79,93.09,-104.78,1466606814.834498,0
22.31,15.91,45.50683,-0.88,0.05,0.04,-6.83,-17.53,-5.35,-16.79,93.09,-104.78,1466606815.00504,0
22.31,15.91,45.50683,-0.88,0.05,0.04,-6.83,-17.53,-5.35,-16.79,93.09,-104.78,1466606815.214656,0
22.31,15.91,45.50683,-0.86,0.07,0.08,-78.71,-7.92,-0.24,16.19,135.51,-63.11,1466606815.414596,0
22.31,15.81,45.50683,-0.86,0.07,0.08,-78.71,-7.92,-0.24,16.19,135.51,-63.11,1466606815.554664,0
22.31,15.81,45.50683,-0.86,0.07,0.08,-78.71,-7.92,-0.24,16.19,135.51,-63.11,1466606815.824646,0
22.31,15.81,45.50683,-0.47,0.19,0.16,-88.05,-15.01,-11.34,35.68,106.58,-106.28,1466606815.954666,0
22.31,15.81,45.50683,-0.47,0.19,0.16,-88.05,-15.01,-11.34,35.68,106.58,-106.28,1466606816.234664,0
22.31,15.81,45.50683,-0.47,0.19,0.16,-88.05,-15.01,-11.34,35.68,106.58,-106.28,1466606816.391722,0
22.31,15.91,45.50683,-0.47,0.19,0.16,-88.05,-15.01,-11.34,35.68,106.58,-106.28,1466606816.744636,0
22.31,15.91,45.50683,-0.47,0.19,0.16,-88.05,-15.01,-11.34,35.68,106.58,-106.28,1466606816.814595,0
22.31,15.91,45.50683,-0.56,0.02,0.03,-30.02,18.58,-7.46,28.78,64.16,-92.79,1466606816.994874,0
22.31,15.91,45.50683,-0.56,0.02,0.03,-30.02,18.58,-7.46,28.78,64.16,-92.79,1466606817.254666,0
22.31,15.91,45.50683,-0.56,0.02,0.03,-30.02,18.58,-7.46,28.78,64.16,-92.79,1466606817.344741,0
22.31,15.84,45.50683,-0.56,0.02,0.03,-30.02,18.58,-7.46,28.78,64.16,-92.79,1466606817.594486,0
22.31,15.84,45.50683,-0.56,0.02,0.03,-30.02,18.58,-7.46,28.78,64.16,-92.79,1466606817.790245,0
22.31,15.84,45.50683,-0.64,-0.02,-0.10,-81.63,-13.95,-5.03,14.84,53.81,-122.92,1466606817.944665,0
22.31,15.84,45.50683,-0.64,-0.02,-0.10,-81.63,-13.95,-5.03,14.84,53.81,-122.92,1466606818.304503,0
22.31,15.84,45.50683,-0.64,-0.02,-0.10,-81.63,-13.95,-5.03,14.84,53.81,-122.92,1466606818.392693,0
22.31,15.88,45.50683,-0.64,-0.02,-0.10,-81.63,-13.95,-5.03,14.84,53.81,-122.92,1466606818.595027,0
22.31,15.88,45.50683,-0.64,-0.02,-0.10,-81.63,-13.95,-5.03,14.84,53.81,-122.92,1466606818.894795,0
22.31,15.88,45.50683,-1.01,-0.09,0.02,-85.95,22.59,6.86,49.92,89.79,-111.38,1466606819.035049,0
22.31,15.88,45.50683,-1.01,-0.09,0.02,-85.95,22.59,6.86,49.92,89.79,-111.38,1466606819.205583,0
22.31,15.88,45.50683,-1.01,-0.09,0.02,-85.95,22.59,6.86,49.92,89.79,-111.38,1466606819.392053,0
22.31,16.00,45.50683,-1.01,-0.09,0.02,-85.95,22.59,6.86,49.92,89.79,-111.38,1466606819.647347,0
22.31,16.00,45.50683,-1.01,-0.09,0.02,-85.95,22.59,6.86,49.92,89.79,-111.38,1466606819.747688,0
22.31,16.00,45.50683,-0.90,0.15,0.03,-89.55,4.96,-0.69,17.84,122.62,-98.04,1466606819.957416,0
22.31,16.00,45.50683,-0.90,0.15,0.03,-89.55,4.96,-0.69,17.84,122.62,-98.04,1466606820.21744,0
22.31,16.00,45.50683,-0.90,0.15,0.03,-89.55,4.96,-0.69,17.84,122.62,-98.04,1466606820.391859,0
22.31,15.59,45.50683,-0.90,0.15,0.03,-89.55,4.96,-0.69,17.84,122.62,-98.04,1466606820.607378,0
22.31,15.59,45.50683,-1.07,-0.00,-0.07,-90.64,-2.81,6.35,40.92,103.13,-35.83,1466606820.847409,0
22.31,15.59,45.50683,-1.07,-0.00,-0.07,-90.64,-2.81,6.35,40.92,103.13,-35.83,1466606820.947411,0
22.31,15.59,45.50683,-1.07,-0.00,-0.07,-90.64,-2.81,6.35,40.92,103.13,-35.83,1466606821.240004,0
22.31,15.59,45.50683,-1.07,-0.00,-0.07,-90.64,-2.81,6.35,40.92,103.13,-35.83,1466606821.34753,0
22.31,15.69,45.50683,-1.07,-0.00,-0.07,-90.64,-2.81,6.35,40.92,103.13,-35.83,1466606821.667354,0
22.31,15.69,45.50683,-1.07,-0.00,-0.07,-90.64,-2.81,6.35,40.92,103.13,-35.83,1466606821.777414,0
22.31,15.69,45.50683,-0.51,0.18,-0.29,-13.77,-24.46,-13.27,41.82,106.58,-100.73,1466606821.987358,0
22.31,15.69,45.50683,-0.51,0.18,-0.29,-13.77,-24.46,-13.27,41.82,106.58,-100.73,1466606822.17788,0
22.31,15.69,45.50683,-0.51,0.18,-0.29,-13.77,-24.46,-13.27,41.82,106.58,-100.73,1466606822.42796,0
22.31,15.69,45.50683,-0.51,0.18,-0.29,-13.77,-24.46,-13.27,41.82,106.58,-100.73,1466606822.589532,0
22.31,15.91,45.50683,-0.51,0.18,-0.29,-13.77,-24.46,-13.27,41.82,106.58,-100.73,1466606822.744668,0
22.31,15.91,45.50683,-0.60,0.03,-0.03,-84.62,35.12,4.75,32.83,64.46,-84.69,1466606823.103194,0
22.31,15.91,45.50683,-0.60,0.03,-0.03,-84.62,35.12,4.75,32.83,64.46,-84.69,1466606823.164791,0
22.31,15.91,45.50683,-0.60,0.03,-0.03,-84.62,35.12,4.75,32.83,64.46,-84.69,1466606823.504487,0
22.31,15.78,45.50683,-0.60,0.03,-0.03,-84.62,35.12,4.75,32.83,64.46,-84.69,1466606823.714571,0
22.31,15.78,45.50683,-0.60,0.03,-0.03,-84.62,35.12,4.75,32.83,64.46,-84.69,1466606823.814681,0
22.31,15.78,45.50683,-1.06,-0.04,0.05,-87.01,2.92,-5.21,-5.10,82.45,-182.58,1466606823.944655,0
22.31,15.78,45.50683,-1.06,-0.04,0.05,-87.01,2.92,-5.21,-5.10,82.45,-182.58,1466606824.32463,0
22.31,15.78,45.50683,-1.06,-0.04,0.05,-87.01,2.92,-5.21,-5.10,82.45,-182.58,1466606824.395146,0
22.31,15.84,45.50683,-1.06,-0.04,0.05,-87.01,2.92,-5.21,-5.10,82.45,-182.58,1466606824.624631,0
22.31,15.84,45.50683,-1.06,-0.04,0.05,-87.01,2.92,-5.21,-5.10,82.45,-182.58,1466606824.744692,0
22.31,15.84,45.50683,-1.06,-0.04,0.05,-87.01,2.92,-5.21,-5.10,82.45,-182.58,1466606825.036795,0
22.31,15.84,45.50683,-1.06,-0.04,0.05,-87.01,2.92,-5.21,-5.10,82.45,-182.58,1466606825.147252,0
22.31,15.84,45.50683,-0.79,0.01,-0.12,-10.19,-4.54,-9.99,3.45,79.60,-94.44,1466606825.447254,0
22.31,15.84,45.50683,-0.79,0.01,-0.12,-10.19,-4.54,-9.99,3.45,79.60,-94.44,1466606825.617348,0
22.31,15.84,45.50683,-0.79,0.01,-0.12,-10.19,-4.54,-9.99,3.45,79.60,-94.44,1466606825.747421,0
22.31,15.84,45.50683,-1.05,0.05,0.10,-83.12,-21.74,-7.53,33.28,116.17,-50.07,1466606826.003662,0
22.31,15.84,45.50683,-1.05,0.05,0.10,-83.12,-21.74,-7.53,33.28,116.17,-50.07,1466606826.157408,0
22.31,15.84,45.50683,-1.05,0.05,0.10,-83.12,-21.74,-7.53,33.28,116.17,-50.07,1466606826.477412,0
22.31,15.78,45.50683,-1.05,0.05,0.10,-83.12,-21.74,-7.53,33.28,116.17,-50.07,1466606826.677412,0
22.31,15.78,45.50683,-1.05,0.05,0.10,-83.12,-21.74,-7.53,33.28,116.17,-50.07,1466606826.78741,0
22.31,15.78,45.50683,-0.47,-0.03,0.26,-74.24,3.90,5.22,17.24,100.88,-79.15,1466606826.947407,0
22.31,15.78,45.50683,-0.47,-0.03,0.26,-74.24,3.90,5.22,17.24,100.88,-79.15,1466606827.200976,0
22.31,15.78,45.50683,-0.47,-0.03,0.26,-74.24,3.90,5.22,17.24,100.88,-79.15,1466606827.387388,0
22.31,15.78,45.50683,-0.47,-0.03,0.26,-74.24,3.90,5.22,17.24,100.88,-79.15,1466606827.557408,0
22.31,15.75,45.50683,-0.47,-0.03,0.26,-74.24,3.90,5.22,17.24,100.88,-79.15,1466606827.807446,0
22.31,15.75,45.50683,-1.11,0.05,-0.08,-0.42,-9.98,-4.71,61.46,64.91,-77.65,1466606828.00724,0
22.31,15.75,45.50683,-1.11,0.05,-0.08,-0.42,-9.98,-4.71,61.46,64.91,-77.65,1466606828.147278,0
22.31,15.75,45.50683,-1.11,0.05,-0.08,-0.42,-9.98,-4.71,61.46,64.91,-77.65,1466606828.527593,0
22.31,15.84,45.50683,-1.11,0.05,-0.08,-0.42,-9.98,-4.71,61.46,64.91,-77.65,1466606828.628128,0
22.31,15.84,45.50683,-1.11,0.05,-0.08,-0.42,-9.98,-4.71,61.46,64.91,-77.65,1466606828.737813,0
22.31,15.84,45.50683,-0.58,0.01,0.04,-90.01,-8.51,0.57,22.34,61.31,-116.77,1466606829.137849,0
22.31,15.84,45.50683,-0.58,0.01,0.04,-90.01,-8.51,0.57,22.34,61.31,-116.77,1466606829.237793,0
22.31,15.84,45.50683,-0.58,0.01,0.04,-90.01,-8.51,0.57,22.34,61.31,-116.77,1466606829.354542,0
22.31,15.97,45.50683,-0.58,0.01,0.04,-90.01,-8.51,0.57,22.34,61.31,-116.77,1466606829.64796,0
22.31,15.97,45.50683,-0.58,0.01,0.04,-90.01,-8.51,0.57,22.34,61.31,-116.77,1466606829.748447,0
22.31,15.97,45.50683,-0.99,-0.07,0.08,-82.62,-32.73,-8.40,24.73,102.98,-134.01,1466606830.007506,0
22.31,15.97,45.50683,-0.99,-0.07,0.08,-82.62,-32.73,-8.40,24.73,102.98,-134.01,1466606830.184602,0
22.31,15.97,45.50683,-0.99,-0.07,0.08,-82.62,-32.73,-8.40,24.73,102.98,-134.01,1466606830.384714,0
22.31,15.97,45.50683,-0.99,-0.07,0.08,-82.62,-32.73,-8.40,24.73,102.98,-134.01,1466606830.574663,0
22.31,15.75,45.50683,-0.99,-0.07,0.08,-82.62,-32.73,-8.40,24.73,102.98,-134.01,1466606830.794611,0
22.31,15.75,45.50683,-0.93,0.01,0.02,-31.02,-6.09,-6.57,14.24,123.52,-94.44,1466606830.944529,0
22.31,15.75,45.50683,-0.93,0.01,0.02,-31.02,-6.09,-6.57,14.24,123.52,-94.44,1466606831.18467,0
22.31,15.75,45.50683,-0.93,0.01,0.02,-31.02,-6.09,-6.57,14.24,123.52,-94.44,1466606831.494668,0
22.31,15.75,45.50683,-0.93,0.01,0.02,-31.02,-6.09,-6.57,14.24,123.52,-94.44,1466606831.567197,0
22.31,16.00,45.50683,-0.93,0.01,0.02,-31.02,-6.09,-6.57,14.24,123.52,-94.44,1466606831.80622,0
22.31,16.00,45.50683,-1.22,0.21,-0.24,-80.89,-35.78,-9.19,32.98,113.18,-48.42,1466606831.964601,0
22.31,16.00,45.50683,-1.22,0.21,-0.24,-80.89,-35.78,-9.19,32.98,113.18,-48.42,1466606832.184601,0
22.31,16.00,45.50683,-1.22,0.21,-0.24,-80.89,-35.78,-9.19,32.98,113.18,-48.42,1466606832.409257,0
22.31,16.00,45.50683,-1.22,0.21,-0.24,-80.89,-35.78,-9.19,32.98,113.18,-48.42,1466606832.554633,0
22.31,15.81,45.50683,-0.55,-0.16,0.18,-74.08,-27.03,-9.36,12.89,105.08,-122.77,1466606832.834665,0
22.31,15.81,45.50683,-0.55,-0.16,0.18,-74.08,-27.03,-9.36,12.89,105.08,-122.77,1466606832.944594,0
22.31,15.81,45.50683,-0.55,-0.16,0.18,-74.08,-27.03,-9.36,12.89,105.08,-122.77,1466606833.1946,0
22.31,15.81,45.50683,-0.55,-0.16,0.18,-74.08,-27.03,-9.36,12.89,105.08,-122.77,1466606833.444537,0
22.31,15.81,45.50683,-0.55,-0.16,0.18,-74.08,-27.03,-9.36,12.89,105.08,-122.77,1466606833.544627,0
22.31,15.91,45.50683,-0.55,-0.16,0.18,-74.08,-27.03,-9.36,12.89,105.08,-122.77,1466606833.844666,0
22.31,15.91,45.50683,-1.05,-0.07,0.07,-85.09,-32.82,-6.64,38.38,68.51,-79.30,1466606834.034655,0
22.31,15.91,45.50683,-1.05,-0.07,0.07,-85.09,-32.82,-6.64,38.38,68.51,-79.30,1466606834.254656,0
22.31,15.91,45.50683,-1.05,-0.07,0.07,-85.09,-32.82,-6.64,38.38,68.51,-79.30,1466606834.394534,0
22.31,15.84,45.50683,-1.05,-0.07,0.07,-85.09,-32.82,-6.64,38.38,68.51,-79.30,1466606834.644601,0
22.31,15.84,45.50683,-1.05,-0.07,0.07,-85.09,-32.82,-6.64,38.38,68.51,-79.30,1466606834.744601,0
22.31,15.84,45.50683,-1.05,-0.07,0.07,-85.09,-32.82,-6.64,38.38,68.51,-79.30,1466606834.974599,0
22.31,15.84,45.50683,-1.96,0.10,-0.42,-80.98,-12.95,-2.31,0.45,65.06,-147.05,1466606835.286356,0
22.31,15.84,45.50683,-1.96,0.10,-0.42,-80.98,-12.95,-2.31,0.45,65.06,-147.05,1466606835.36539,0
22.31,15.91,45.50683,-1.96,0.10,-0.42,-80.98,-12.95,-2.31,0.45,65.06,-147.05,1466606835.695576,0
22.31,15.91,45.50683,-0.50,-0.02,-0.11,-9.61,-6.51,2.72,-15.14,101.48,-101.18,1466606835.901723,0
22.31,15.91,45.50683,-0.50,-0.02,-0.11,-9.61,-6.51,2.72,-15.14,101.48,-101.18,1466606835.965757,0
22.31,15.91,45.50683,-0.50,-0.02,-0.11,-9.61,-6.51,2.72,-15.14,101.48,-101.18,1466606836.236076,0
22.31,15.91,45.50683,-0.50,-0.02,-0.11,-9.61,-6.51,2.72,-15.14,101.48,-101.18,1466606836.426436,0
22.31,15.91,45.50683,-0.50,-0.02,-0.11,-9.61,-6.51,2.72,-15.14,101.48,-101.18,1466606836.57741,0
22.31,16.00,45.50683,-0.94,0.04,0.08,-94.55,12.67,3.32,14.84,133.56,-88.89,1466606836.917174,0
22.31,16.00,45.50683,-0.94,0.04,0.08,-94.55,12.67,3.32,14.84,133.56,-88.89,1466606836.987355,0
22.31,16.00,45.50683,-0.94,0.04,0.08,-94.55,12.67,3.32,14.84,133.56,-88.89,1466606837.23741,0
22.31,16.00,45.50683,-0.94,0.04,0.08,-94.55,12.67,3.32,14.84,133.56,-88.89,1466606837.416178,0
22.31,16.00,45.50683,-0.94,0.04,0.08,-94.55,12.67,3.32,14.84,133.56,-88.89,1466606837.557564,0
22.31,16.00,45.50683,-0.94,0.04,0.08,-94.55,12.67,3.32,14.84,133.56,-88.89,1466606837.837411,0
22.31,16.00,45.50683,-0.99,-0.02,0.08,-81.95,-3.00,6.16,60.56,101.18,-29.83,1466606837.98752,0
22.31,16.00,45.50683,-0.99,-0.02,0.08,-81.95,-3.00,6.16,60.56,101.18,-29.83,1466606838.217236,0
22.31,16.00,45.50683,-0.99,-0.02,0.08,-81.95,-3.00,6.16,60.56,101.18,-29.83,1466606838.427574,0
22.31,16.00,45.50683,-0.99,-0.02,0.08,-81.95,-3.00,6.16,60.56,101.18,-29.83,1466606838.567785,0
22.31,15.75,45.50683,-0.52,0.03,0.16,-17.84,24.93,-20.58,69.70,95.94,-71.05,1466606838.864678,0
22.31,15.75,45.50683,-0.52,0.03,0.16,-17.84,24.93,-20.58,69.70,95.94,-71.05,1466606839.075206,0
22.31,15.75,45.50683,-0.52,0.03,0.16,-17.84,24.93,-20.58,69.70,95.94,-71.05,1466606839.17524,0
22.31,15.75,45.50683,-0.52,0.03,0.16,-17.84,24.93,-20.58,69.70,95.94,-71.05,1466606839.427019,0
22.31,15.88,45.50683,-0.52,0.03,0.16,-17.84,24.93,-20.58,69.70,95.94,-71.05,1466606839.787409,0
22.31,15.88,45.50683,-0.52,0.03,0.16,-17.84,24.93,-20.58,69.70,95.94,-71.05,1466606839.857406,0
22.31,15.88,45.50683,-1.02,0.11,0.12,-84.23,-1.62,-2.81,38.97,57.56,-86.34,1466606839.957412,0
22.31,15.88,45.50683,-1.02,0.11,0.12,-84.23,-1.62,-2.81,38.97,57.56,-86.34,1466606840.297411,0
22.31,15.88,45.50683,-1.02,0.11,0.12,-84.23,-1.62,-2.81,38.97,57.56,-86.34,1466606840.447411,0
22.31,15.88,45.50683,-1.02,0.11,0.12,-84.23,-1.62,-2.81,38.97,57.56,-86.34,1466606840.621201,0
22.31,15.84,45.50683,-0.87,-0.06,-0.02,-74.64,17.27,-0.65,-9.44,112.28,-183.78,1466606840.919868,0
22.31,15.84,45.50683,-0.87,-0.06,-0.02,-74.64,17.27,-0.65,-9.44,112.28,-183.78,1466606840.987656,0
22.31,15.84,45.50683,-0.87,-0.06,-0.02,-74.64,17.27,-0.65,-9.44,112.28,-183.78,1466606841.233318,0
22.31,15.84,45.50683,-0.87,-0.06,-0.02,-74.64,17.27,-0.65,-9.44,112.28,-183.78,1466606841.43146,0
22.31,16.09,45.50683,-0.87,-0.06,-0.02,-74.64,17.27,-0.65,-9.44,112.28,-183.78,1466606841.734442,0
22.31,16.09,45.50683,-0.87,-0.06,-0.02,-74.64,17.27,-0.65,-9.44,112.28,-183.78,1466606841.804595,0
22.31,16.09,45.50683,-1.70,-0.08,-0.07,5.02,16.48,-1.29,-5.25,121.57,-102.53,1466606841.945037,0
22.31,16.09,45.50683,-1.70,-0.08,-0.07,5.02,16.48,-1.29,-5.25,121.57,-102.53,1466606842.194675,0
22.31,16.09,45.50683,-1.70,-0.08,-0.07,5.02,16.48,-1.29,-5.25,121.57,-102.53,1466606842.454634,0
22.31,16.09,45.50683,-1.70,-0.08,-0.07,5.02,16.48,-1.29,-5.25,121.57,-102.53,1466606842.554596,0
22.31,16.00,45.50683,-1.70,-0.08,-0.07,5.02,16.48,-1.29,-5.25,121.57,-102.53,1466606842.864639,0
22.31,16.00,45.50683,-1.15,-0.06,-0.07,-90.41,-9.20,-8.91,23.83,124.87,-51.57,1466606842.954598,0
22.31,16.00,45.50683,-1.15,-0.06,-0.07,-90.41,-9.20,-8.91,23.83,124.87,-51.57,1466606843.16463,0
22.31,16.00,45.50683,-1.15,-0.06,-0.07,-90.41,-9.20,-8.91,23.83,124.87,-51.57,1466606843.41464,0
22.31,16.00,45.50683,-1.15,-0.06,-0.07,-90.41,-9.20,-8.91,23.83,124.87,-51.57,1466606843.574599,0
22.31,15.91,45.50683,-1.27,-0.07,-0.18,-83.45,-14.82,1.85,-14.84,105.08,-125.17,1466606843.833426,0
22.31,15.91,45.50683,-1.27,-0.07,-0.18,-83.45,-14.82,1.85,-14.84,105.08,-125.17,1466606844.044564,0
22.31,15.91,45.50683,-1.27,-0.07,-0.18,-83.45,-14.82,1.85,-14.84,105.08,-125.17,1466606844.294644,0
22.31,15.91,45.50683,-1.27,-0.07,-0.18,-83.45,-14.82,1.85,-14.84,105.08,-125.17,1466606844.444627,0
22.31,15.91,45.39239,-1.27,-0.07,-0.18,-83.45,-14.82,1.85,-14.84,105.08,-125.17,1466606844.604602,0
22.31,15.97,45.39239,-1.27,-0.07,-0.18,-83.45,-14.82,1.85,-14.84,105.08,-125.17,1466606844.905198,0
22.31,15.97,45.39239,-1.27,-0.07,-0.18,-83.45,-14.82,1.85,-14.84,105.08,-125.17,1466606844.974994,0
22.31,15.97,45.39239,-1.22,-0.03,-0.01,-49.40,8.77,-1.46,29.08,67.01,-87.84,1466606845.317417,0
22.31,15.97,45.39239,-1.22,-0.03,-0.01,-49.40,8.77,-1.46,29.08,67.01,-87.84,1466606845.404813,0
22.31,15.97,45.50683,-1.22,-0.03,-0.01,-49.40,8.77,-1.46,29.08,67.01,-87.84,1466606845.557347,0
22.31,15.91,45.50683,-1.22,-0.03,-0.01,-49.40,8.77,-1.46,29.08,67.01,-87.84,1466606845.80808,0
22.31,15.91,45.50683,-0.54,0.01,0.06,-83.15,4.35,-5.49,-7.94,76.30,-174.04,1466606845.950149,0
22.31,15.91,45.50683,-0.54,0.01,0.06,-83.15,4.35,-5.49,-7.94,76.30,-174.04,1466606846.340315,0
22.31,15.91,45.50683,-0.54,0.01,0.06,-83.15,4.35,-5.49,-7.94,76.30,-174.04,1466606846.410477,0
22.31,15.91,45.39239,-0.54,0.01,0.06,-83.15,4.35,-5.49,-7.94,76.30,-174.04,1466606846.650688,0
22.31,15.81,45.39239,-0.54,0.01,0.06,-83.15,4.35,-5.49,-7.94,76.30,-174.04,1466606846.770659,0
22.31,15.81,45.39239,-1.08,-0.02,-0.59,-72.74,16.22,-1.23,47.82,81.25,-113.18,1466606847.020877,0
22.31,15.81,45.39239,-1.08,-0.02,-0.59,-72.74,16.22,-1.23,47.82,81.25,-113.18,1466606847.271106,0
22.31,15.81,45.39239,-1.08,-0.02,-0.59,-72.74,16.22,-1.23,47.82,81.25,-113.18,1466606847.42124,0
22.31,15.81,45.39239,-1.08,-0.02,-0.59,-72.74,16.22,-1.23,47.82,81.25,-113.18,1466606847.671463,0
22.31,15.66,45.39239,-0.42,0.10,-0.03,-89.42,-14.32,-2.06,11.54,120.07,-102.08,1466606847.822197,0
22.31,15.66,45.39239,-0.42,0.10,-0.03,-89.42,-14.32,-2.06,11.54,120.07,-102.08,1466606848.091719,0
22.31,15.66,45.39239,-0.42,0.10,-0.03,-89.42,-14.32,-2.06,11.54,120.07,-102.08,1466606848.291948,0
22.31,15.66,45.39239,-0.42,0.10,-0.03,-89.42,-14.32,-2.06,11.54,120.07,-102.08,1466606848.39233,0
22.31,15.66,45.39239,-0.42,0.10,-0.03,-89.42,-14.32,-2.06,11.54,120.07,-102.08,1466606848.64208,0
22.31,15.62,45.39239,-0.42,0.10,-0.03,-89.42,-14.32,-2.06,11.54,120.07,-102.08,1466606848.792236,0
22.31,15.62,45.39239,-1.26,0.03,0.08,-83.86,-26.23,-2.68,47.97,100.28,-29.53,1466606849.102852,0
22.31,15.62,45.39239,-1.26,0.03,0.08,-83.86,-26.23,-2.68,47.97,100.28,-29.53,1466606849.172744,0
22.31,15.62,45.39239,-1.26,0.03,0.08,-83.86,-26.23,-2.68,47.97,100.28,-29.53,1466606849.414598,0
22.31,15.62,45.39239,-1.26,0.03,0.08,-83.86,-26.23,-2.68,47.97,100.28,-29.53,1466606849.564669,0
22.31,15.81,45.39239,-1.00,0.03,0.09,3.32,-21.10,-7.36,51.42,105.08,-93.99,1466606849.841879,0
22.31,15.81,45.39239,-1.00,0.03,0.09,3.32,-21.10,-7.36,51.42,105.08,-93.99,1466606850.014657,0
22.31,15.81,45.39239,-1.00,0.03,0.09,3.32,-21.10,-7.36,51.42,105.08,-93.99,1466606850.274594,0
22.31,15.81,45.39239,-1.00,0.03,0.09,3.32,-21.10,-7.36,51.42,105.08,-93.99,1466606850.345085,0
22.31,15.81,45.39239,-1.00,0.03,0.09,3.32,-21.10,-7.36,51.42,105.08,-93.99,1466606850.646769,0
22.31,15.91,45.39239,-1.00,0.03,0.09,3.32,-21.10,-7.36,51.42,105.08,-93.99,1466606850.757874,0
22.31,15.91,45.39239,-0.59,-0.10,0.10,-90.05,-7.32,-1.28,33.28,66.26,-83.35,1466606850.947239,0
22.31,15.91,45.39239,-0.59,-0.10,0.10,-90.05,-7.32,-1.28,33.28,66.26,-83.35,1466606851.257406,0
22.31,15.91,45.39239,-0.59,-0.10,0.10,-90.05,-7.32,-1.28,33.28,66.26,-83.35,1466606851.467395,0
22.31,15.91,45.39239,-0.59,-0.10,0.10,-90.05,-7.32,-1.28,33.28,66.26,-83.35,1466606851.617442,0
22.31,15.91,45.39239,-0.59,-0.10,0.10,-90.05,-7.32,-1.28,33.28,66.26,-83.35,1466606851.754455,0
22.31,15.91,45.39239,-0.70,-0.03,0.09,-83.87,13.00,5.15,-15.74,73.15,-187.38,1466606852.075066,0
22.31,15.91,45.39239,-0.70,-0.03,0.09,-83.87,13.00,5.15,-15.74,73.15,-187.38,1466606852.154485,0
22.31,15.91,45.39239,-0.70,-0.03,0.09,-83.87,13.00,5.15,-15.74,73.15,-187.38,1466606852.414549,0
22.31,15.91,45.39239,-0.70,-0.03,0.09,-83.87,13.00,5.15,-15.74,73.15,-187.38,1466606852.594679,0
22.31,16.06,45.39239,-0.70,-0.03,0.09,-83.87,13.00,5.15,-15.74,73.15,-187.38,1466606852.753766,0
22.31,16.06,45.39239,-0.87,-0.01,-0.20,-3.99,5.96,2.66,3.60,85.89,-107.03,1466606853.096341,0
22.31,16.06,45.39239,-0.87,-0.01,-0.20,-3.99,5.96,2.66,3.60,85.89,-107.03,1466606853.206379,0
22.31,16.06,45.39239,-0.87,-0.01,-0.20,-3.99,5.96,2.66,3.60,85.89,-107.03,1466606853.506973,0
22.31,16.06,45.39239,-0.87,-0.01,-0.20,-3.99,5.96,2.66,3.60,85.89,-107.03,1466606853.606707,0
22.31,15.81,45.39239,-1.17,0.19,0.12,-75.59,19.95,6.13,10.79,125.47,-81.55,1466606853.917556,0
22.31,15.81,45.39239,-1.17,0.19,0.12,-75.59,19.95,6.13,10.79,125.47,-81.55,1466606853.98796,0
22.31,15.81,45.39239,-1.17,0.19,0.12,-75.59,19.95,6.13,10.79,125.47,-81.55,1466606854.167808,0
22.31,15.81,45.39239,-1.17,0.19,0.12,-75.59,19.95,6.13,10.79,125.47,-81.55,1466606854.427915,0
22.31,15.81,45.39239,-1.17,0.19,0.12,-75.59,19.95,6.13,10.79,125.47,-81.55,1466606854.609728,0
22.31,15.88,45.39239,-1.17,0.19,0.12,-75.59,19.95,6.13,10.79,125.47,-81.55,1466606854.944598,0
22.31,15.88,45.39239,-1.17,0.19,0.12,-75.59,19.95,6.13,10.79,125.47,-81.55,1466606855.014668,0
22.31,15.88,45.39239,-1.17,0.19,0.12,-75.59,19.95,6.13,10.79,125.47,-81.55,1466606855.144608,0
22.31,15.88,45.39239,-0.94,0.06,0.10,-76.28,0.02,2.13,0.15,92.64,-90.54,1466606855.444546,0
22.31,15.88,45.39239,-0.94,0.06,0.10,-76.28,0.02,2.13,0.15,92.64,-90.54,1466606855.664454,0
22.31,15.75,45.39239,-0.96,0.07,-0.01,2.07,-18.61,-3.04,39.12,67.01,-80.35,1466606855.864486,0
22.31,15.75,45.39239,-0.96,0.07,-0.01,2.07,-18.61,-3.04,39.12,67.01,-80.35,1466606855.964484,0
22.31,15.75,45.39239,-0.96,0.07,-0.01,2.07,-18.61,-3.04,39.12,67.01,-80.35,1466606856.19457,0
22.31,15.75,45.39239,-0.96,0.07,-0.01,2.07,-18.61,-3.04,39.12,67.01,-80.35,1466606856.424603,0
22.31,15.75,45.39239,-0.96,0.07,-0.01,2.07,-18.61,-3.04,39.12,67.01,-80.35,1466606856.543453,1
22.31,16.03,45.39239,0.02,-0.66,-0.31,-162.83,-45.27,-93.52,21.14,56.51,-108.38,1466606856.824712,1
22.31,16.03,45.39239,0.02,-0.66,-0.31,-162.83,-45.27,-93.52,21.14,56.51,-108.38,1466606856.984596,1
22.31,16.03,45.39239,0.02,-0.66,-0.31,-162.83,-45.27,-93.52,21.14,56.51,-108.38,1466606857.294698,1
22.31,16.03,45.39239,0.02,-0.66,-0.31,-162.83,-45.27,-93.52,21.14,56.51,-108.38,1466606857.364488,1
22.31,16.03,45.39239,0.02,-0.66,-0.31,-162.83,-45.27,-93.52,21.14,56.51,-108.38,1466606857.704676,1
22.31,15.91,45.39239,0.02,-0.66,-0.31,-162.83,-45.27,-93.52,21.14,56.51,-108.38,1466606857.814898,1
22.31,15.91,45.39239,0.11,0.00,1.00,-0.23,-3.81,-3.68,0.45,84.69,-58.91,1466606858.117417,1
22.31,15.91,45.39239,0.11,0.00,1.00,-0.23,-3.81,-3.68,0.45,84.69,-58.91,1466606858.187362,1
22.31,15.91,45.39239,0.11,0.00,1.00,-0.23,-3.81,-3.68,0.45,84.69,-58.91,1466606858.427408,1
22.31,15.91,45.39239,0.11,0.00,1.00,-0.23,-3.81,-3.68,0.45,84.69,-58.91,1466606858.577409,1
22.31,15.91,45.39239,0.13,0.00,1.00,-0.17,-4.16,-0.85,22.79,84.25,-25.18,1466606858.827414,1
22.31,15.91,45.39239,0.13,0.00,1.00,-0.17,-4.16,-0.85,22.79,84.25,-25.18,1466606858.987407,1
22.31,15.91,45.39239,0.13,0.00,1.00,-0.17,-4.16,-0.85,22.79,84.25,-25.18,1466606859.237439,1
22.31,15.91,45.39239,0.13,0.00,1.00,-0.17,-4.16,-0.85,22.79,84.25,-25.18,1466606859.347417,1
22.31,15.91,45.39239,0.13,0.00,1.00,-0.17,-4.16,-0.85,22.79,84.25,-25.18,1466606859.664079,1
22.31,16.00,45.39239,0.13,0.00,1.00,-0.17,-4.16,-0.85,22.79,84.25,-25.18,1466606859.769939,1
22.31,16.00,45.39239,0.12,0.03,1.00,0.52,-4.01,-3.37,22.04,90.69,-29.98,1466606859.984598,1
22.31,16.00,45.39239,0.12,0.03,1.00,0.52,-4.01,-3.37,22.04,90.69,-29.98,1466606860.27489,1
22.31,16.00,45.39239,0.12,0.03,1.00,0.52,-4.01,-3.37,22.04,90.69,-29.98,1466606860.415137,1
22.31,16.00,45.39239,0.12,0.03,1.00,0.52,-4.01,-3.37,22.04,90.69,-29.98,1466606860.572321,1
22.31,15.78,45.39239,0.12,0.03,1.00,0.52,-4.01,-3.37,22.04,90.69,-29.98,1466606860.887374,1
22.31,15.78,45.39239,0.09,0.01,0.94,-0.45,-4.83,-3.46,23.08,85.59,-22.79,1466606860.997351,1
22.31,15.78,45.39239,0.09,0.01,0.94,-0.45,-4.83,-3.46,23.08,85.59,-22.79,1466606861.197354,1
22.31,15.78,45.39239,0.09,0.01,0.94,-0.45,-4.83,-3.46,23.08,85.59,-22.79,1466606861.447394,1
22.31,15.78,45.39239,0.09,0.01,0.94,-0.45,-4.83,-3.46,23.08,85.59,-22.79,1466606861.60739,1
22.31,15.78,45.39239,0.09,0.01,0.94,-0.45,-4.83,-3.46,23.08,85.59,-22.79,1466606861.807409,1
22.31,16.03,45.39239,0.09,-0.01,0.97,-1.08,-3.18,-3.37,22.04,84.25,-23.38,1466606862.027426,1
22.31,16.03,45.39239,0.09,-0.01,0.97,-1.08,-3.18,-3.37,22.04,84.25,-23.38,1466606862.187381,1
22.31,16.03,45.39239,0.09,-0.01,0.97,-1.08,-3.18,-3.37,22.04,84.25,-23.38,1466606862.527366,1
22.31,16.03,45.39239,0.09,-0.01,0.97,-1.08,-3.18,-3.37,22.04,84.25,-23.38,1466606862.597406,1
22.31,15.88,45.39239,0.09,-0.01,0.97,-1.08,-3.18,-3.37,22.04,84.25,-23.38,1466606862.837351,1
22.31,15.88,45.39239,0.09,-0.04,1.01,-0.33,-4.85,-3.11,22.79,84.99,-22.79,1466606862.947419,1
22.31,15.88,45.39239,0.09,-0.04,1.01,-0.33,-4.85,-3.11,22.79,84.99,-22.79,1466606863.247405,1
22.31,15.88,45.39239,0.09,-0.04,1.01,-0.33,-4.85,-3.11,22.79,84.99,-22.79,1466606863.377237,1
22.31,15.88,45.39239,0.09,-0.04,1.01,-0.33,-4.85,-3.11,22.79,84.99,-22.79,1466606863.637353,1
22.31,15.97,45.39239,0.09,-0.04,1.01,-0.33,-4.85,-3.11,22.79,84.99,-22.79,1466606863.787404,1
22.31,15.97,45.39239,0.09,0.01,1.06,-1.87,-4.83,-3.14,20.69,84.69,-23.53,1466606864.057415,1
