ambientTemp,objectTemp,humidity,accelX,accelY,accelZ,gyroX,gyroY,gyroZ,magX,magY,magZ,iteration
24.31,17.94,40.55528,-0.93,0.03,0.09,1.42,-9.37,-5.10,24.43,87.84,-81.70,1
24.31,17.94,40.55528,-0.93,0.03,0.09,1.42,-9.37,-5.10,24.43,87.84,-81.70,2
24.31,17.94,40.55528,-0.93,0.03,0.09,1.42,-9.37,-5.10,24.43,87.84,-81.70,3
24.31,17.94,40.55528,-0.93,0.03,0.09,1.42,-9.37,-5.10,24.43,87.84,-81.70,4
24.31,17.94,40.55528,-0.90,0.00,-0.05,0.36,-7.95,-3.71,24.73,88.29,-82.60,5
24.31,17.94,40.55528,-0.90,0.00,-0.05,0.36,-7.95,-3.71,24.73,88.29,-82.60,6
24.31,17.94,40.55528,-0.90,0.00,-0.05,0.36,-7.95,-3.71,24.73,88.29,-82.60,7
24.31,17.94,40.55528,-0.90,0.00,-0.05,0.36,-7.95,-3.71,24.73,88.29,-82.60,8
24.31,17.94,40.55528,-0.89,0.01,0.05,0.95,-8.10,-0.65,49.62,96.24,-61.31,9
24.31,17.94,40.55528,-0.89,0.01,0.05,0.95,-8.10,-0.65,49.62,96.24,-61.31,10
24.44,30.78,40.55528,-0.89,0.01,0.05,0.95,-8.10,-0.65,49.62,96.24,-61.31,11
24.44,30.78,40.55528,-0.89,0.01,0.05,0.95,-8.10,-0.65,49.62,96.24,-61.31,12
24.44,30.78,40.55528,-0.89,0.01,0.05,0.95,-8.10,-0.65,49.62,96.24,-61.31,13
24.44,30.78,40.55528,-0.89,0.01,0.05,0.95,-8.10,-0.65,49.62,96.24,-61.31,14
24.44,30.78,40.55528,-0.89,0.01,0.05,0.95,-8.10,-0.65,49.62,96.24,-61.31,15
24.44,30.78,40.55528,-0.89,0.01,0.05,0.95,-8.10,-0.65,49.62,96.24,-61.31,16
24.44,30.78,40.55528,-0.89,0.01,0.05,0.95,-8.10,-0.65,49.62,96.24,-61.31,17
24.44,30.78,40.55528,-0.89,0.01,0.05,0.95,-8.10,-0.65,49.62,96.24,-61.31,18
24.44,30.78,40.55528,-0.94,0.03,0.09,-55.88,-22.47,-1.35,32.68,58.91,-89.64,19
24.44,30.78,40.55528,-0.94,0.03,0.09,-55.88,-22.47,-1.35,32.68,58.91,-89.64,20
24.34,18.69,40.55528,-0.94,0.03,0.09,-55.88,-22.47,-1.35,32.68,58.91,-89.64,21
24.34,18.69,40.55528,-0.94,0.03,0.09,-55.88,-22.47,-1.35,32.68,58.91,-89.64,22
24.34,18.69,40.55528,-0.94,0.03,0.09,-55.88,-22.47,-1.35,32.68,58.91,-89.64,23
24.34,18.69,40.55528,-0.94,0.03,0.09,-55.88,-22.47,-1.35,32.68,58.91,-89.64,24
24.34,18.69,40.55528,-0.94,0.03,0.09,-55.88,-22.47,-1.35,32.68,58.91,-89.64,25
24.34,18.69,40.55528,-0.94,0.03,0.09,-55.88,-22.47,-1.35,32.68,58.91,-89.64,26
24.34,18.69,40.55528,-0.94,0.03,0.09,-55.88,-22.47,-1.35,32.68,58.91,-89.64,27
24.34,18.69,40.55528,-0.94,0.03,0.09,-55.88,-22.47,-1.35,32.68,58.91,-89.64,28
24.34,18.69,40.55528,-0.89,0.02,0.13,-61.56,-27.09,-0.56,-30.13,87.24,-193.82,29
24.34,18.69,40.55528,-0.89,0.02,0.13,-61.56,-27.09,-0.56,-30.13,87.24,-193.82,30
24.31,18.53,40.55528,-0.89,0.02,0.13,-61.56,-27.09,-0.56,-30.13,87.24,-193.82,31
24.31,18.53,40.55528,-0.89,0.02,0.13,-61.56,-27.09,-0.56,-30.13,87.24,-193.82,32
24.31,18.53,40.55528,-0.89,0.02,0.13,-61.56,-27.09,-0.56,-30.13,87.24,-193.82,33
24.31,18.53,40.55528,-0.89,0.02,0.13,-61.56,-27.09,-0.56,-30.13,87.24,-193.82,34
24.31,18.53,40.55528,-0.89,0.02,0.13,-61.56,-27.09,-0.56,-30.13,87.24,-193.82,35
24.31,18.53,40.55528,-0.89,0.02,0.13,-61.56,-27.09,-0.56,-30.13,87.24,-193.82,36
24.31,18.53,40.55528,-0.89,0.02,0.13,-61.56,-27.09,-0.56,-30.13,87.24,-193.82,37
24.31,18.53,40.55528,-0.89,0.02,0.13,-61.56,-27.09,-0.56,-30.13,87.24,-193.82,38
24.31,18.53,40.55528,-0.78,-0.01,0.09,-42.14,-25.69,-4.78,19.19,79.15,-114.98,39
24.31,18.53,40.55528,-0.78,-0.01,0.09,-42.14,-25.69,-4.78,19.19,79.15,-114.98,40
24.31,18.38,40.55528,-0.78,-0.01,0.09,-42.14,-25.69,-4.78,19.19,79.15,-114.98,41
24.31,18.38,40.55528,-0.78,-0.01,0.09,-42.14,-25.69,-4.78,19.19,79.15,-114.98,42
24.31,18.38,40.55528,-0.78,-0.01,0.09,-42.14,-25.69,-4.78,19.19,79.15,-114.98,43
24.31,18.38,40.55528,-0.78,-0.01,0.09,-42.14,-25.69,-4.78,19.19,79.15,-114.98,44
24.31,18.38,40.55528,-0.78,-0.01,0.09,-42.14,-25.69,-4.78,19.19,79.15,-114.98,45
24.31,18.38,40.55528,-0.78,-0.01,0.09,-42.14,-25.69,-4.78,19.19,79.15,-114.98,46
24.31,18.38,40.55528,-0.78,-0.01,0.09,-42.14,-25.69,-4.78,19.19,79.15,-114.98,47
24.31,18.38,40.55528,-0.78,-0.01,0.09,-42.14,-25.69,-4.78,19.19,79.15,-114.98,48
24.31,18.38,40.55528,-0.83,0.16,0.02,-12.83,-26.44,-1.92,18.29,116.92,-79.15,49
24.31,18.38,40.55528,-0.83,0.16,0.02,-12.83,-26.44,-1.92,18.29,116.92,-79.15,50
24.31,17.91,40.55528,-0.83,0.16,0.02,-12.83,-26.44,-1.92,18.29,116.92,-79.15,51
24.31,17.91,40.55528,-0.83,0.16,0.02,-12.83,-26.44,-1.92,18.29,116.92,-79.15,52
24.31,17.91,40.55528,-0.83,0.16,0.02,-12.83,-26.44,-1.92,18.29,116.92,-79.15,53
24.31,17.91,40.55528,-0.83,0.16,0.02,-12.83,-26.44,-1.92,18.29,116.92,-79.15,54
24.31,17.91,40.55528,-0.83,0.16,0.02,-12.83,-26.44,-1.92,18.29,116.92,-79.15,55
24.31,17.91,40.55528,-0.83,0.16,0.02,-12.83,-26.44,-1.92,18.29,116.92,-79.15,56
24.31,17.91,40.55528,-0.83,0.16,0.02,-12.83,-26.44,-1.92,18.29,116.92,-79.15,57
24.31,17.91,40.55528,-0.83,0.16,0.02,-12.83,-26.44,-1.92,18.29,116.92,-79.15,58
24.31,17.91,40.55528,-1.25,-0.13,0.03,-64.43,-30.32,-2.98,35.83,109.28,-32.98,59
24.31,17.91,40.55528,-1.25,-0.13,0.03,-64.43,-30.32,-2.98,35.83,109.28,-32.98,60
24.31,18.19,40.55528,-1.25,-0.13,0.03,-64.43,-30.32,-2.98,35.83,109.28,-32.98,61
24.31,18.19,40.55528,-1.25,-0.13,0.03,-64.43,-30.32,-2.98,35.83,109.28,-32.98,62
24.31,18.19,40.55528,-1.25,-0.13,0.03,-64.43,-30.32,-2.98,35.83,109.28,-32.98,63
24.31,18.19,40.55528,-1.25,-0.13,0.03,-64.43,-30.32,-2.98,35.83,109.28,-32.98,64
24.31,18.19,40.55528,-1.25,-0.13,0.03,-64.43,-30.32,-2.98,35.83,109.28,-32.98,65
24.31,18.19,40.55528,-1.25,-0.13,0.03,-64.43,-30.32,-2.98,35.83,109.28,-32.98,66
24.31,18.19,40.55528,-1.25,-0.13,0.03,-64.43,-30.32,-2.98,35.83,109.28,-32.98,67
24.31,18.19,40.55528,-1.25,-0.13,0.03,-64.43,-30.32,-2.98,35.83,109.28,-32.98,68
24.31,18.19,40.55528,-0.83,0.05,0.04,-58.06,-30.78,-0.33,-13.04,116.47,-140.31,69
24.31,18.19,40.55528,-0.83,0.05,0.04,-58.06,-30.78,-0.33,-13.04,116.47,-140.31,70
24.31,18.31,40.55528,-0.83,0.05,0.04,-58.06,-30.78,-0.33,-13.04,116.47,-140.31,71
24.31,18.31,40.55528,-0.83,0.05,0.04,-58.06,-30.78,-0.33,-13.04,116.47,-140.31,72
24.31,18.31,40.55528,-0.83,0.05,0.04,-58.06,-30.78,-0.33,-13.04,116.47,-140.31,73
24.31,18.31,40.55528,-0.83,0.05,0.04,-58.06,-30.78,-0.33,-13.04,116.47,-140.31,74
24.31,18.31,40.55528,-0.83,0.05,0.04,-58.06,-30.78,-0.33,-13.04,116.47,-140.31,75
24.31,18.31,40.55528,-0.83,0.05,0.04,-58.06,-30.78,-0.33,-13.04,116.47,-140.31,76
24.31,18.31,40.55528,-0.83,0.05,0.04,-58.06,-30.78,-0.33,-13.04,116.47,-140.31,77
24.31,18.31,40.55528,-0.83,0.05,0.04,-58.06,-30.78,-0.33,-13.04,116.47,-140.31,78
24.31,18.31,40.55528,-0.94,-0.06,-0.21,2.84,-7.45,-8.64,64.31,90.69,-63.56,79
24.31,18.31,40.55528,-0.94,-0.06,-0.21,2.84,-7.45,-8.64,64.31,90.69,-63.56,80
24.31,16.62,40.55528,-0.94,-0.06,-0.21,2.84,-7.45,-8.64,64.31,90.69,-63.56,81
24.31,16.62,40.55528,-0.94,-0.06,-0.21,2.84,-7.45,-8.64,64.31,90.69,-63.56,82
24.31,16.62,40.55528,-0.94,-0.06,-0.21,2.84,-7.45,-8.64,64.31,90.69,-63.56,83
24.31,16.62,40.55528,-0.94,-0.06,-0.21,2.84,-7.45,-8.64,64.31,90.69,-63.56,84
24.31,16.62,40.55528,-0.94,-0.06,-0.21,2.84,-7.45,-8.64,64.31,90.69,-63.56,85
24.31,16.62,40.55528,-0.94,-0.06,-0.21,2.84,-7.45,-8.64,64.31,90.69,-63.56,86
24.31,16.62,40.55528,-0.94,-0.06,-0.21,2.84,-7.45,-8.64,64.31,90.69,-63.56,87
24.31,16.62,40.55528,-0.94,-0.06,-0.21,2.84,-7.45,-8.64,64.31,90.69,-63.56,88
24.31,16.62,40.55528,-0.63,0.07,0.12,-67.06,-16.41,-4.44,34.63,82.30,-79.90,89
24.31,16.62,40.55528,-0.63,0.07,0.12,-67.06,-16.41,-4.44,34.63,82.30,-79.90,90
24.34,18.81,40.55528,-0.63,0.07,0.12,-67.06,-16.41,-4.44,34.63,82.30,-79.90,91
24.34,18.81,40.55528,-0.63,0.07,0.12,-67.06,-16.41,-4.44,34.63,82.30,-79.90,92
24.34,18.81,40.55528,-0.63,0.07,0.12,-67.06,-16.41,-4.44,34.63,82.30,-79.90,93
24.34,18.81,40.55528,-0.63,0.07,0.12,-67.06,-16.41,-4.44,34.63,82.30,-79.90,94
24.34,18.81,40.55528,-0.63,0.07,0.12,-67.06,-16.41,-4.44,34.63,82.30,-79.90,95
24.34,18.81,40.55528,-0.63,0.07,0.12,-67.06,-16.41,-4.44,34.63,82.30,-79.90,96
24.34,18.81,40.55528,-0.63,0.07,0.12,-67.06,-16.41,-4.44,34.63,82.30,-79.90,97
24.34,18.81,40.55528,-0.63,0.07,0.12,-67.06,-16.41,-4.44,34.63,82.30,-79.90,98
24.34,18.81,40.55528,-0.63,0.07,0.12,-67.06,-16.41,-4.44,34.63,82.30,-79.90,99
24.34,18.81,40.55528,-0.63,0.07,0.12,-67.06,-16.41,-4.44,34.63,82.30,-79.90,100
24.31,18.44,40.55528,-0.63,0.07,0.12,-67.06,-16.41,-4.44,34.63,82.30,-79.90,101
24.31,18.44,40.55528,-0.63,0.07,0.12,-67.06,-16.41,-4.44,34.63,82.30,-79.90,102
24.31,18.44,40.55528,-0.63,0.07,0.12,-67.06,-16.41,-4.44,34.63,82.30,-79.90,103
24.31,18.44,40.55528,-1.07,-0.07,0.15,-63.35,-12.39,-1.97,13.79,66.41,-130.86,104
24.31,18.44,40.55528,-1.07,-0.07,0.15,-63.35,-12.39,-1.97,13.79,66.41,-130.86,105
24.31,18.44,40.55528,-1.07,-0.07,0.15,-63.35,-12.39,-1.97,13.79,66.41,-130.86,106
24.31,18.44,40.55528,-1.07,-0.07,0.15,-63.35,-12.39,-1.97,13.79,66.41,-130.86,107
24.31,18.44,40.55528,-1.07,-0.07,0.15,-63.35,-12.39,-1.97,13.79,66.41,-130.86,108
24.31,18.44,40.55528,-0.92,-0.05,0.17,-56.27,-25.50,1.32,9.59,80.35,-105.08,109
24.31,18.44,40.55528,-0.92,-0.05,0.17,-56.27,-25.50,1.32,9.59,80.35,-105.08,110
24.31,18.12,40.55528,-0.92,-0.05,0.17,-56.27,-25.50,1.32,9.59,80.35,-105.08,111
24.31,18.12,40.55528,-0.92,-0.05,0.17,-56.27,-25.50,1.32,9.59,80.35,-105.08,112
24.31,18.12,40.55528,-0.92,-0.05,0.17,-56.27,-25.50,1.32,9.59,80.35,-105.08,113
24.31,18.12,40.55528,-0.92,-0.05,0.17,-56.27,-25.50,1.32,9.59,80.35,-105.08,114
24.31,18.12,40.55528,-0.92,-0.05,0.17,-56.27,-25.50,1.32,9.59,80.35,-105.08,115
24.31,18.12,40.55528,-0.92,-0.05,0.17,-56.27,-25.50,1.32,9.59,80.35,-105.08,116
24.31,18.12,40.55528,-0.92,-0.05,0.17,-56.27,-25.50,1.32,9.59,80.35,-105.08,117
24.31,18.12,40.55528,-0.92,-0.05,0.17,-56.27,-25.50,1.32,9.59,80.35,-105.08,118
24.31,18.12,40.55528,-1.25,-0.18,-0.03,-0.64,-20.70,-1.34,11.84,114.38,-81.85,119
24.31,18.12,40.55528,-1.25,-0.18,-0.03,-0.64,-20.70,-1.34,11.84,114.38,-81.85,120
24.31,18.12,40.55528,-1.25,-0.18,-0.03,-0.64,-20.70,-1.34,11.84,114.38,-81.85,121
24.31,18.16,40.55528,-1.25,-0.18,-0.03,-0.64,-20.70,-1.34,11.84,114.38,-81.85,122
24.31,18.16,40.55528,-1.25,-0.18,-0.03,-0.64,-20.70,-1.34,11.84,114.38,-81.85,123
24.31,18.16,40.55528,-1.25,-0.18,-0.03,-0.64,-20.70,-1.34,11.84,114.38,-81.85,124
24.31,18.16,40.55528,-1.25,-0.18,-0.03,-0.64,-20.70,-1.34,11.84,114.38,-81.85,125
24.31,18.16,40.55528,-1.25,-0.18,-0.03,-0.64,-20.70,-1.34,11.84,114.38,-81.85,126
24.31,18.16,40.55528,-1.25,-0.18,-0.03,-0.64,-20.70,-1.34,11.84,114.38,-81.85,127
24.31,18.16,40.55528,-1.25,-0.18,-0.03,-0.64,-20.70,-1.34,11.84,114.38,-81.85,128
24.31,18.16,40.55528,-1.07,0.05,0.06,-60.82,-25.63,-3.16,12.14,114.38,-57.56,129
24.31,18.16,40.55528,-1.07,0.05,0.06,-60.82,-25.63,-3.16,12.14,114.38,-57.56,130
24.31,18.16,40.55528,-1.07,0.05,0.06,-60.82,-25.63,-3.16,12.14,114.38,-57.56,131
24.31,18.19,40.55528,-1.07,0.05,0.06,-60.82,-25.63,-3.16,12.14,114.38,-57.56,132
24.31,18.19,40.55528,-1.07,0.05,0.06,-60.82,-25.63,-3.16,12.14,114.38,-57.56,133
24.31,18.19,40.55528,-1.07,0.05,0.06,-60.82,-25.63,-3.16,12.14,114.38,-57.56,134
24.31,18.19,40.55528,-1.07,0.05,0.06,-60.82,-25.63,-3.16,12.14,114.38,-57.56,135
24.31,18.19,40.55528,-1.07,0.05,0.06,-60.82,-25.63,-3.16,12.14,114.38,-57.56,136
24.31,18.19,40.55528,-1.07,0.05,0.06,-60.82,-25.63,-3.16,12.14,114.38,-57.56,137
24.31,18.19,40.55528,-1.07,0.05,0.06,-60.82,-25.63,-3.16,12.14,114.38,-57.56,138
24.31,18.19,40.55528,-0.87,0.09,0.09,-62.29,-34.86,-3.75,18.29,86.49,-95.34,139
24.31,18.19,40.55528,-0.87,0.09,0.09,-62.29,-34.86,-3.75,18.29,86.49,-95.34,140
24.31,18.22,40.55528,-0.87,0.09,0.09,-62.29,-34.86,-3.75,18.29,86.49,-95.34,141
24.31,18.22,40.55528,-0.87,0.09,0.09,-62.29,-34.86,-3.75,18.29,86.49,-95.34,142
24.31,18.22,40.55528,-0.87,0.09,0.09,-62.29,-34.86,-3.75,18.29,86.49,-95.34,143
24.31,18.22,40.55528,-0.87,0.09,0.09,-62.29,-34.86,-3.75,18.29,86.49,-95.34,144
24.31,18.22,40.55528,-0.87,0.09,0.09,-62.29,-34.86,-3.75,18.29,86.49,-95.34,145
24.31,18.22,40.55528,-0.87,0.09,0.09,-62.29,-34.86,-3.75,18.29,86.49,-95.34,146
24.31,18.22,40.55528,-0.87,0.09,0.09,-62.29,-34.86,-3.75,18.29,86.49,-95.34,147
24.31,18.22,40.55528,-0.87,0.09,0.09,-62.29,-34.86,-3.75,18.29,86.49,-95.34,148
24.31,18.22,40.55528,-1.00,-0.17,-0.01,-61.99,-13.25,-6.54,67.46,101.48,-79.15,149
24.31,18.22,40.55528,-1.00,-0.17,-0.01,-61.99,-13.25,-6.54,67.46,101.48,-79.15,150
24.31,18.22,40.55528,-1.00,-0.17,-0.01,-61.99,-13.25,-6.54,67.46,101.48,-79.15,151
24.31,18.12,40.55528,-1.00,-0.17,-0.01,-61.99,-13.25,-6.54,67.46,101.48,-79.15,152
24.31,18.12,40.55528,-1.00,-0.17,-0.01,-61.99,-13.25,-6.54,67.46,101.48,-79.15,153
24.31,18.12,40.55528,-1.00,-0.17,-0.01,-61.99,-13.25,-6.54,67.46,101.48,-79.15,154
24.31,18.12,40.55528,-1.00,-0.17,-0.01,-61.99,-13.25,-6.54,67.46,101.48,-79.15,155
24.31,18.12,40.55528,-1.00,-0.17,-0.01,-61.99,-13.25,-6.54,67.46,101.48,-79.15,156
24.31,18.12,40.55528,-1.00,-0.17,-0.01,-61.99,-13.25,-6.54,67.46,101.48,-79.15,157
24.31,18.12,40.55528,-1.00,-0.17,-0.01,-61.99,-13.25,-6.54,67.46,101.48,-79.15,158
24.31,18.12,40.55528,-0.95,0.04,0.08,-14.10,-15.93,-2.96,40.02,79.75,-76.75,159
24.31,18.12,40.55528,-0.95,0.04,0.08,-14.10,-15.93,-2.96,40.02,79.75,-76.75,160
24.31,18.12,40.55528,-0.95,0.04,0.08,-14.10,-15.93,-2.96,40.02,79.75,-76.75,161
24.34,20.81,40.55528,-0.95,0.04,0.08,-14.10,-15.93,-2.96,40.02,79.75,-76.75,162
24.34,20.81,40.55528,-0.95,0.04,0.08,-14.10,-15.93,-2.96,40.02,79.75,-76.75,163
24.34,20.81,40.55528,-0.95,0.04,0.08,-14.10,-15.93,-2.96,40.02,79.75,-76.75,164
24.34,20.81,40.55528,-0.95,0.04,0.08,-14.10,-15.93,-2.96,40.02,79.75,-76.75,165
24.34,20.81,40.55528,-0.95,0.04,0.08,-14.10,-15.93,-2.96,40.02,79.75,-76.75,166
24.34,20.81,40.55528,-0.95,0.04,0.08,-14.10,-15.93,-2.96,40.02,79.75,-76.75,167
24.34,20.81,40.55528,-0.95,0.04,0.08,-14.10,-15.93,-2.96,40.02,79.75,-76.75,168
24.34,20.81,40.55528,-1.26,0.06,-0.05,-67.87,-17.66,-4.18,28.63,60.11,-100.73,169
24.34,20.81,40.55528,-1.26,0.06,-0.05,-67.87,-17.66,-4.18,28.63,60.11,-100.73,170
24.34,20.81,40.55528,-1.26,0.06,-0.05,-67.87,-17.66,-4.18,28.63,60.11,-100.73,171
24.34,18.62,40.55528,-1.26,0.06,-0.05,-67.87,-17.66,-4.18,28.63,60.11,-100.73,172
24.34,18.62,40.55528,-1.26,0.06,-0.05,-67.87,-17.66,-4.18,28.63,60.11,-100.73,173
24.34,18.62,40.55528,-1.26,0.06,-0.05,-67.87,-17.66,-4.18,28.63,60.11,-100.73,174
24.34,18.62,40.55528,-1.26,0.06,-0.05,-67.87,-17.66,-4.18,28.63,60.11,-100.73,175
24.34,18.62,40.55528,-1.26,0.06,-0.05,-67.87,-17.66,-4.18,28.63,60.11,-100.73,176
24.34,18.62,40.55528,-1.26,0.06,-0.05,-67.87,-17.66,-4.18,28.63,60.11,-100.73,177
24.34,18.62,40.55528,-1.26,0.06,-0.05,-67.87,-17.66,-4.18,28.63,60.11,-100.73,178
24.34,18.62,40.55528,-0.80,0.03,0.02,-57.12,-17.67,-0.40,7.20,109.43,-160.85,179
24.34,18.62,40.67735,-0.80,0.03,0.02,-57.12,-17.67,-0.40,7.20,109.43,-160.85,180
24.34,18.62,40.67735,-0.80,0.03,0.02,-57.12,-17.67,-0.40,7.20,109.43,-160.85,181
24.31,18.19,40.67735,-0.80,0.03,0.02,-57.12,-17.67,-0.40,7.20,109.43,-160.85,182
24.31,18.19,40.67735,-0.80,0.03,0.02,-57.12,-17.67,-0.40,7.20,109.43,-160.85,183
24.31,18.19,40.67735,-0.80,0.03,0.02,-57.12,-17.67,-0.40,7.20,109.43,-160.85,184
24.31,18.19,40.67735,-0.80,0.03,0.02,-57.12,-17.67,-0.40,7.20,109.43,-160.85,185
24.31,18.19,40.67735,-0.80,0.03,0.02,-57.12,-17.67,-0.40,7.20,109.43,-160.85,186
24.31,18.19,40.67735,-0.80,0.03,0.02,-57.12,-17.67,-0.40,7.20,109.43,-160.85,187
24.31,18.19,40.67735,-0.80,0.03,0.02,-57.12,-17.67,-0.40,7.20,109.43,-160.85,188
24.31,18.19,40.67735,-0.66,-0.07,-0.02,3.10,-2.18,-4.48,-2.10,87.24,-108.98,189
24.31,18.19,40.67735,-0.66,-0.07,-0.02,3.10,-2.18,-4.48,-2.10,87.24,-108.98,190
24.31,18.19,40.67735,-0.66,-0.07,-0.02,3.10,-2.18,-4.48,-2.10,87.24,-108.98,191
24.31,18.19,40.67735,-0.66,-0.07,-0.02,3.10,-2.18,-4.48,-2.10,87.24,-108.98,192
24.31,18.19,40.67735,-0.66,-0.07,-0.02,3.10,-2.18,-4.48,-2.10,87.24,-108.98,193
24.31,18.19,40.67735,-0.66,-0.07,-0.02,3.10,-2.18,-4.48,-2.10,87.24,-108.98,194
24.31,18.19,40.67735,-0.66,-0.07,-0.02,3.10,-2.18,-4.48,-2.10,87.24,-108.98,195
24.31,18.19,40.67735,-0.66,-0.07,-0.02,3.10,-2.18,-4.48,-2.10,87.24,-108.98,196
24.31,18.19,40.67735,-0.66,-0.07,-0.02,3.10,-2.18,-4.48,-2.10,87.24,-108.98,197
24.31,18.19,40.67735,-0.66,-0.07,-0.02,3.10,-2.18,-4.48,-2.10,87.24,-108.98,198
24.31,18.19,40.67735,-0.66,-0.07,-0.02,3.10,-2.18,-4.48,-2.10,87.24,-108.98,199
24.31,18.19,40.67735,-0.66,-0.07,-0.02,3.10,-2.18,-4.48,-2.10,87.24,-108.98,200
24.31,18.19,40.67735,-0.66,-0.07,-0.02,3.10,-2.18,-4.48,-2.10,87.24,-108.98,201
24.31,17.94,40.67735,-0.66,-0.07,-0.02,3.10,-2.18,-4.48,-2.10,87.24,-108.98,202
24.31,17.94,40.67735,-0.81,0.00,-0.01,-64.08,-14.14,-9.79,19.94,129.22,-63.56,203
24.31,17.94,40.67735,-0.81,0.00,-0.01,-64.08,-14.14,-9.79,19.94,129.22,-63.56,204
24.31,17.94,40.67735,-0.81,0.00,-0.01,-64.08,-14.14,-9.79,19.94,129.22,-63.56,205
24.31,17.94,40.67735,-0.81,0.00,-0.01,-64.08,-14.14,-9.79,19.94,129.22,-63.56,206
24.31,17.94,40.67735,-0.81,0.00,-0.01,-64.08,-14.14,-9.79,19.94,129.22,-63.56,207
24.31,17.94,40.67735,-0.81,0.00,-0.01,-64.08,-14.14,-9.79,19.94,129.22,-63.56,208
24.31,17.94,40.67735,-1.25,-0.15,0.12,-57.44,-22.87,5.24,6.75,93.54,-111.23,209
24.31,17.94,40.67735,-1.25,-0.15,0.12,-57.44,-22.87,5.24,6.75,93.54,-111.23,210
24.31,17.94,40.67735,-1.25,-0.15,0.12,-57.44,-22.87,5.24,6.75,93.54,-111.23,211
24.31,18.19,40.67735,-1.25,-0.15,0.12,-57.44,-22.87,5.24,6.75,93.54,-111.23,212
24.31,18.19,40.67735,-1.25,-0.15,0.12,-57.44,-22.87,5.24,6.75,93.54,-111.23,213
24.31,18.19,40.67735,-1.25,-0.15,0.12,-57.44,-22.87,5.24,6.75,93.54,-111.23,214
24.31,18.19,40.67735,-1.25,-0.15,0.12,-57.44,-22.87,5.24,6.75,93.54,-111.23,215
24.31,18.19,40.67735,-1.25,-0.15,0.12,-57.44,-22.87,5.24,6.75,93.54,-111.23,216
24.31,18.19,40.67735,-1.25,-0.15,0.12,-57.44,-22.87,5.24,6.75,93.54,-111.23,217
24.31,18.19,40.67735,-1.25,-0.15,0.12,-57.44,-22.87,5.24,6.75,93.54,-111.23,218
24.31,18.19,40.67735,-1.01,-0.01,0.11,-65.94,-5.56,5.89,34.18,116.02,-117.07,219
24.31,18.19,40.67735,-1.01,-0.01,0.11,-65.94,-5.56,5.89,34.18,116.02,-117.07,220
24.31,18.19,40.67735,-1.01,-0.01,0.11,-65.94,-5.56,5.89,34.18,116.02,-117.07,221
24.31,18.16,40.67735,-1.01,-0.01,0.11,-65.94,-5.56,5.89,34.18,116.02,-117.07,222
24.31,18.16,40.67735,-1.01,-0.01,0.11,-65.94,-5.56,5.89,34.18,116.02,-117.07,223
24.31,18.16,40.67735,-1.01,-0.01,0.11,-65.94,-5.56,5.89,34.18,116.02,-117.07,224
24.31,18.16,40.67735,-1.01,-0.01,0.11,-65.94,-5.56,5.89,34.18,116.02,-117.07,225
24.31,18.16,40.67735,-1.01,-0.01,0.11,-65.94,-5.56,5.89,34.18,116.02,-117.07,226
24.31,18.16,40.67735,-1.01,-0.01,0.11,-65.94,-5.56,5.89,34.18,116.02,-117.07,227
24.31,18.16,40.67735,-1.01,-0.01,0.11,-65.94,-5.56,5.89,34.18,116.02,-117.07,228
24.31,18.16,40.67735,-0.80,-0.07,-0.10,2.61,-7.49,-4.13,33.58,81.55,-84.99,229
24.31,18.16,40.67735,-0.80,-0.07,-0.10,2.61,-7.49,-4.13,33.58,81.55,-84.99,230
24.31,18.16,40.67735,-0.80,-0.07,-0.10,2.61,-7.49,-4.13,33.58,81.55,-84.99,231
24.44,31.19,40.67735,-0.80,-0.07,-0.10,2.61,-7.49,-4.13,33.58,81.55,-84.99,232
24.44,31.19,40.67735,-0.80,-0.07,-0.10,2.61,-7.49,-4.13,33.58,81.55,-84.99,233
24.44,31.19,40.67735,-0.80,-0.07,-0.10,2.61,-7.49,-4.13,33.58,81.55,-84.99,234
24.44,31.19,40.67735,-0.80,-0.07,-0.10,2.61,-7.49,-4.13,33.58,81.55,-84.99,235
24.44,31.19,40.67735,-0.80,-0.07,-0.10,2.61,-7.49,-4.13,33.58,81.55,-84.99,236
24.44,31.19,40.67735,-0.80,-0.07,-0.10,2.61,-7.49,-4.13,33.58,81.55,-84.99,237
24.44,31.19,40.67735,-0.80,-0.07,-0.10,2.61,-7.49,-4.13,33.58,81.55,-84.99,238
24.44,31.19,40.67735,-0.88,0.16,0.02,-55.42,-4.88,-11.56,30.13,60.71,-94.74,239
24.44,31.19,40.67735,-0.88,0.16,0.02,-55.42,-4.88,-11.56,30.13,60.71,-94.74,240
24.44,31.19,40.67735,-0.88,0.16,0.02,-55.42,-4.88,-11.56,30.13,60.71,-94.74,241
24.34,18.66,40.67735,-0.88,0.16,0.02,-55.42,-4.88,-11.56,30.13,60.71,-94.74,242
24.34,18.66,40.67735,-0.88,0.16,0.02,-55.42,-4.88,-11.56,30.13,60.71,-94.74,243
24.34,18.66,40.67735,-0.88,0.16,0.02,-55.42,-4.88,-11.56,30.13,60.71,-94.74,244
24.34,18.66,40.67735,-0.88,0.16,0.02,-55.42,-4.88,-11.56,30.13,60.71,-94.74,245
24.34,18.66,40.67735,-0.88,0.16,0.02,-55.42,-4.88,-11.56,30.13,60.71,-94.74,246
24.34,18.66,40.67735,-0.88,0.16,0.02,-55.42,-4.88,-11.56,30.13,60.71,-94.74,247
24.34,18.66,40.67735,-0.88,0.16,0.02,-55.42,-4.88,-11.56,30.13,60.71,-94.74,248
24.34,18.66,40.67735,-0.92,0.06,0.05,-62.05,-28.75,-1.36,-30.13,77.65,-198.92,249
24.34,18.66,40.67735,-0.92,0.06,0.05,-62.05,-28.75,-1.36,-30.13,77.65,-198.92,250
24.34,18.66,40.67735,-0.92,0.06,0.05,-62.05,-28.75,-1.36,-30.13,77.65,-198.92,251
24.34,18.31,40.67735,-0.92,0.06,0.05,-62.05,-28.75,-1.36,-30.13,77.65,-198.92,252
24.34,18.31,40.67735,-0.92,0.06,0.05,-62.05,-28.75,-1.36,-30.13,77.65,-198.92,253
24.34,18.31,40.67735,-0.92,0.06,0.05,-62.05,-28.75,-1.36,-30.13,77.65,-198.92,254
24.34,18.31,40.67735,-0.92,0.06,0.05,-62.05,-28.75,-1.36,-30.13,77.65,-198.92,255
24.34,18.31,40.67735,-0.92,0.06,0.05,-62.05,-28.75,-1.36,-30.13,77.65,-198.92,256
24.34,18.31,40.67735,-0.92,0.06,0.05,-62.05,-28.75,-1.36,-30.13,77.65,-198.92,257
24.34,18.31,40.67735,-0.92,0.06,0.05,-62.05,-28.75,-1.36,-30.13,77.65,-198.92,258
24.34,18.31,40.67735,-0.98,-0.10,0.13,-43.46,-28.34,-5.71,20.24,79.60,-117.37,259
24.34,18.31,40.67735,-0.98,-0.10,0.13,-43.46,-28.34,-5.71,20.24,79.60,-117.37,260
24.34,18.31,40.67735,-0.98,-0.10,0.13,-43.46,-28.34,-5.71,20.24,79.60,-117.37,261
24.34,18.31,40.67735,-0.98,-0.10,0.13,-43.46,-28.34,-5.71,20.24,79.60,-117.37,262
24.34,18.31,40.67735,-0.98,-0.10,0.13,-43.46,-28.34,-5.71,20.24,79.60,-117.37,263
24.34,18.31,40.67735,-0.98,-0.10,0.13,-43.46,-28.34,-5.71,20.24,79.60,-117.37,264
24.34,18.31,40.67735,-0.98,-0.10,0.13,-43.46,-28.34,-5.71,20.24,79.60,-117.37,265
24.34,18.31,40.67735,-0.98,-0.10,0.13,-43.46,-28.34,-5.71,20.24,79.60,-117.37,266
24.34,18.31,40.67735,-0.98,-0.10,0.13,-43.46,-28.34,-5.71,20.24,79.60,-117.37,267
24.34,18.31,40.67735,-0.98,-0.10,0.13,-43.46,-28.34,-5.71,20.24,79.60,-117.37,268
24.34,18.31,40.67735,-1.07,0.10,-0.02,-9.04,-12.86,-3.68,16.19,119.77,-79.15,269
24.34,18.31,40.67735,-1.07,0.10,-0.02,-9.04,-12.86,-3.68,16.19,119.77,-79.15,270
24.34,18.31,40.67735,-1.07,0.10,-0.02,-9.04,-12.86,-3.68,16.19,119.77,-79.15,271
24.31,18.19,40.67735,-1.07,0.10,-0.02,-9.04,-12.86,-3.68,16.19,119.77,-79.15,272
24.31,18.19,40.67735,-1.07,0.10,-0.02,-9.04,-12.86,-3.68,16.19,119.77,-79.15,273
24.31,18.19,40.67735,-1.07,0.10,-0.02,-9.04,-12.86,-3.68,16.19,119.77,-79.15,274
24.31,18.19,40.67735,-1.07,0.10,-0.02,-9.04,-12.86,-3.68,16.19,119.77,-79.15,275
24.31,18.19,40.67735,-1.07,0.10,-0.02,-9.04,-12.86,-3.68,16.19,119.77,-79.15,276
24.31,18.19,40.67735,-1.07,0.10,-0.02,-9.04,-12.86,-3.68,16.19,119.77,-79.15,277
24.31,18.19,40.67735,-1.07,0.10,-0.02,-9.04,-12.86,-3.68,16.19,119.77,-79.15,278
24.31,18.19,40.67735,-0.86,-0.03,0.21,-63.24,-28.34,-2.23,34.18,106.73,-35.38,279
24.31,18.19,40.67735,-0.86,-0.03,0.21,-63.24,-28.34,-2.23,34.18,106.73,-35.38,280
24.31,18.19,40.67735,-0.86,-0.03,0.21,-63.24,-28.34,-2.23,34.18,106.73,-35.38,281
24.31,18.31,40.67735,-0.86,-0.03,0.21,-63.24,-28.34,-2.23,34.18,106.73,-35.38,282
24.31,18.31,40.67735,-0.86,-0.03,0.21,-63.24,-28.34,-2.23,34.18,106.73,-35.38,283
24.31,18.31,40.67735,-0.86,-0.03,0.21,-63.24,-28.34,-2.23,34.18,106.73,-35.38,284
24.31,18.31,40.67735,-0.86,-0.03,0.21,-63.24,-28.34,-2.23,34.18,106.73,-35.38,285
24.31,18.31,40.67735,-0.86,-0.03,0.21,-63.24,-28.34,-2.23,34.18,106.73,-35.38,286
24.31,18.31,40.67735,-0.86,-0.03,0.21,-63.24,-28.34,-2.23,34.18,106.73,-35.38,287
24.31,18.31,40.67735,-0.86,-0.03,0.21,-63.24,-28.34,-2.23,34.18,106.73,-35.38,288
24.31,18.31,40.67735,-0.83,0.07,0.11,-55.23,-42.99,-6.93,-11.69,118.72,-141.96,289
24.31,18.31,40.67735,-0.83,0.07,0.11,-55.23,-42.99,-6.93,-11.69,118.72,-141.96,290
24.31,18.31,40.67735,-0.83,0.07,0.11,-55.23,-42.99,-6.93,-11.69,118.72,-141.96,291
24.31,17.94,40.67735,-0.83,0.07,0.11,-55.23,-42.99,-6.93,-11.69,118.72,-141.96,292
24.31,17.94,40.67735,-0.83,0.07,0.11,-55.23,-42.99,-6.93,-11.69,118.72,-141.96,293
24.31,17.94,40.67735,-0.83,0.07,0.11,-55.23,-42.99,-6.93,-11.69,118.72,-141.96,294
24.31,17.94,40.67735,-0.83,0.07,0.11,-55.23,-42.99,-6.93,-11.69,118.72,-141.96,295
24.31,17.94,40.67735,-0.83,0.07,0.11,-55.23,-42.99,-6.93,-11.69,118.72,-141.96,296
24.31,17.94,40.67735,-0.83,0.07,0.11,-55.23,-42.99,-6.93,-11.69,118.72,-141.96,297
24.31,17.94,40.67735,-0.83,0.07,0.11,-55.23,-42.99,-6.93,-11.69,118.72,-141.96,298
24.31,17.94,40.67735,-0.83,0.07,0.11,-55.23,-42.99,-6.93,-11.69,118.72,-141.96,299
24.31,17.94,40.67735,-0.83,0.07,0.11,-55.23,-42.99,-6.93,-11.69,118.72,-141.96,300
24.31,17.94,40.67735,-0.83,0.07,0.11,-55.23,-42.99,-6.93,-11.69,118.72,-141.96,301
24.31,17.94,40.67735,-0.83,0.07,0.11,-55.23,-42.99,-6.93,-11.69,118.72,-141.96,302
24.50,0.81,40.67735,-0.96,0.25,0.04,0.62,-15.77,-13.63,62.66,85.29,-68.06,303
24.50,0.81,40.67735,-0.96,0.25,0.04,0.62,-15.77,-13.63,62.66,85.29,-68.06,304
24.50,0.81,40.67735,-0.96,0.25,0.04,0.62,-15.77,-13.63,62.66,85.29,-68.06,305
24.50,0.81,40.67735,-0.96,0.25,0.04,0.62,-15.77,-13.63,62.66,85.29,-68.06,306
24.50,0.81,40.67735,-0.96,0.25,0.04,0.62,-15.77,-13.63,62.66,85.29,-68.06,307
24.50,0.81,40.67735,-0.96,0.25,0.04,0.62,-15.77,-13.63,62.66,85.29,-68.06,308
24.50,0.81,40.67735,-0.94,0.03,0.05,-71.03,-20.76,-1.13,34.63,63.26,-99.69,309
24.50,0.81,40.67735,-0.94,0.03,0.05,-71.03,-20.76,-1.13,34.63,63.26,-99.69,310
24.50,0.81,40.67735,-0.94,0.03,0.05,-71.03,-20.76,-1.13,34.63,63.26,-99.69,311
24.50,0.81,40.67735,-0.94,0.03,0.05,-71.03,-20.76,-1.13,34.63,63.26,-99.69,312
24.34,18.47,40.67735,-0.94,0.03,0.05,-71.03,-20.76,-1.13,34.63,63.26,-99.69,313
24.34,18.47,40.67735,-0.94,0.03,0.05,-71.03,-20.76,-1.13,34.63,63.26,-99.69,314
24.34,18.47,40.67735,-0.94,0.03,0.05,-71.03,-20.76,-1.13,34.63,63.26,-99.69,315
24.34,18.47,40.67735,-0.94,0.03,0.05,-71.03,-20.76,-1.13,34.63,63.26,-99.69,316
24.34,18.47,40.67735,-0.94,0.03,0.05,-71.03,-20.76,-1.13,34.63,63.26,-99.69,317
24.34,18.47,40.67735,-0.94,0.03,0.05,-71.03,-20.76,-1.13,34.63,63.26,-99.69,318
24.34,18.47,40.67735,-0.92,0.09,-0.00,-62.08,-17.44,3.74,13.49,66.41,-133.56,319
24.34,18.47,40.67735,-0.92,0.09,-0.00,-62.08,-17.44,3.74,13.49,66.41,-133.56,320
24.34,18.47,40.67735,-0.92,0.09,-0.00,-62.08,-17.44,3.74,13.49,66.41,-133.56,321
24.34,18.47,40.67735,-0.92,0.09,-0.00,-62.08,-17.44,3.74,13.49,66.41,-133.56,322
24.34,18.41,40.67735,-0.92,0.09,-0.00,-62.08,-17.44,3.74,13.49,66.41,-133.56,323
24.34,18.41,40.67735,-0.92,0.09,-0.00,-62.08,-17.44,3.74,13.49,66.41,-133.56,324
24.34,18.41,40.67735,-0.92,0.09,-0.00,-62.08,-17.44,3.74,13.49,66.41,-133.56,325
24.34,18.41,40.67735,-0.92,0.09,-0.00,-62.08,-17.44,3.74,13.49,66.41,-133.56,326
24.34,18.41,40.67735,-0.92,0.09,-0.00,-62.08,-17.44,3.74,13.49,66.41,-133.56,327
24.34,18.41,40.67735,-0.92,0.09,-0.00,-62.08,-17.44,3.74,13.49,66.41,-133.56,328
24.34,18.41,40.67735,-0.58,0.13,0.02,-63.30,-22.58,-2.05,52.47,93.69,-125.47,329
24.34,18.41,40.67735,-0.58,0.13,0.02,-63.30,-22.58,-2.05,52.47,93.69,-125.47,330
24.34,18.41,40.67735,-0.58,0.13,0.02,-63.30,-22.58,-2.05,52.47,93.69,-125.47,331
24.34,18.41,40.67735,-0.58,0.13,0.02,-63.30,-22.58,-2.05,52.47,93.69,-125.47,332
24.34,18.34,40.67735,-0.58,0.13,0.02,-63.30,-22.58,-2.05,52.47,93.69,-125.47,333
24.34,18.34,40.67735,-0.58,0.13,0.02,-63.30,-22.58,-2.05,52.47,93.69,-125.47,334
24.34,18.34,40.67735,-0.58,0.13,0.02,-63.30,-22.58,-2.05,52.47,93.69,-125.47,335
24.34,18.34,40.67735,-0.58,0.13,0.02,-63.30,-22.58,-2.05,52.47,93.69,-125.47,336
24.34,18.34,40.67735,-0.58,0.13,0.02,-63.30,-22.58,-2.05,52.47,93.69,-125.47,337
24.34,18.34,40.67735,-0.58,0.13,0.02,-63.30,-22.58,-2.05,52.47,93.69,-125.47,338
24.34,18.34,40.67735,-1.09,-0.06,-0.08,-1.84,-9.28,-6.79,14.84,114.98,-80.35,339
24.34,18.34,40.67735,-1.09,-0.06,-0.08,-1.84,-9.28,-6.79,14.84,114.98,-80.35,340
24.34,18.34,40.67735,-1.09,-0.06,-0.08,-1.84,-9.28,-6.79,14.84,114.98,-80.35,341
24.34,18.34,40.67735,-1.09,-0.06,-0.08,-1.84,-9.28,-6.79,14.84,114.98,-80.35,342
24.34,18.16,40.67735,-1.09,-0.06,-0.08,-1.84,-9.28,-6.79,14.84,114.98,-80.35,343
24.34,18.16,40.67735,-1.09,-0.06,-0.08,-1.84,-9.28,-6.79,14.84,114.98,-80.35,344
24.34,18.16,40.67735,-1.09,-0.06,-0.08,-1.84,-9.28,-6.79,14.84,114.98,-80.35,345
24.34,18.16,40.67735,-1.09,-0.06,-0.08,-1.84,-9.28,-6.79,14.84,114.98,-80.35,346
24.34,18.16,40.67735,-1.09,-0.06,-0.08,-1.84,-9.28,-6.79,14.84,114.98,-80.35,347
24.34,18.16,40.67735,-1.09,-0.06,-0.08,-1.84,-9.28,-6.79,14.84,114.98,-80.35,348
24.34,18.16,40.67735,-1.16,0.09,0.04,-62.77,-22.77,-3.08,17.39,116.77,-52.62,349
24.34,18.16,40.67735,-1.16,0.09,0.04,-62.77,-22.77,-3.08,17.39,116.77,-52.62,350
24.34,18.16,40.67735,-1.16,0.09,0.04,-62.77,-22.77,-3.08,17.39,116.77,-52.62,351
24.34,18.16,40.67735,-1.16,0.09,0.04,-62.77,-22.77,-3.08,17.39,116.77,-52.62,352
24.34,18.16,40.67735,-1.16,0.09,0.04,-62.77,-22.77,-3.08,17.39,116.77,-52.62,353
24.34,18.16,40.67735,-1.16,0.09,0.04,-62.77,-22.77,-3.08,17.39,116.77,-52.62,354
24.34,18.16,40.67735,-1.16,0.09,0.04,-62.77,-22.77,-3.08,17.39,116.77,-52.62,355
24.34,18.16,40.67735,-1.16,0.09,0.04,-62.77,-22.77,-3.08,17.39,116.77,-52.62,356
24.34,18.16,40.67735,-1.16,0.09,0.04,-62.77,-22.77,-3.08,17.39,116.77,-52.62,357
24.34,18.16,40.67735,-1.16,0.09,0.04,-62.77,-22.77,-3.08,17.39,116.77,-52.62,358
24.34,18.16,40.67735,-0.98,-0.00,0.05,-61.64,-17.43,-2.06,3.15,91.44,-110.93,359
24.34,18.16,40.67735,-0.98,-0.00,0.05,-61.64,-17.43,-2.06,3.15,91.44,-110.93,360
24.34,18.16,40.67735,-0.98,-0.00,0.05,-61.64,-17.43,-2.06,3.15,91.44,-110.93,361
24.34,18.16,40.67735,-0.98,-0.00,0.05,-61.64,-17.43,-2.06,3.15,91.44,-110.93,362
24.34,18.22,40.67735,-0.98,-0.00,0.05,-61.64,-17.43,-2.06,3.15,91.44,-110.93,363
24.34,18.22,40.67735,-0.98,-0.00,0.05,-61.64,-17.43,-2.06,3.15,91.44,-110.93,364
24.34,18.22,40.67735,-0.98,-0.00,0.05,-61.64,-17.43,-2.06,3.15,91.44,-110.93,365
24.34,18.22,40.67735,-0.98,-0.00,0.05,-61.64,-17.43,-2.06,3.15,91.44,-110.93,366
24.34,18.22,40.67735,-0.98,-0.00,0.05,-61.64,-17.43,-2.06,3.15,91.44,-110.93,367
24.34,18.22,40.67735,-0.98,-0.00,0.05,-61.64,-17.43,-2.06,3.15,91.44,-110.93,368
24.34,18.22,40.67735,-1.07,-0.00,-0.01,-40.70,-13.46,-0.61,67.01,97.59,-76.75,369
24.34,18.22,40.67735,-1.07,-0.00,-0.01,-40.70,-13.46,-0.61,67.01,97.59,-76.75,370
24.34,18.22,40.67735,-1.07,-0.00,-0.01,-40.70,-13.46,-0.61,67.01,97.59,-76.75,371
24.34,18.22,40.67735,-1.07,-0.00,-0.01,-40.70,-13.46,-0.61,67.01,97.59,-76.75,372
24.34,17.97,40.67735,-1.07,-0.00,-0.01,-40.70,-13.46,-0.61,67.01,97.59,-76.75,373
24.34,17.97,40.67735,-1.07,-0.00,-0.01,-40.70,-13.46,-0.61,67.01,97.59,-76.75,374
24.34,17.97,40.67735,-1.07,-0.00,-0.01,-40.70,-13.46,-0.61,67.01,97.59,-76.75,375
24.34,17.97,40.67735,-1.07,-0.00,-0.01,-40.70,-13.46,-0.61,67.01,97.59,-76.75,376
24.34,17.97,40.67735,-1.07,-0.00,-0.01,-40.70,-13.46,-0.61,67.01,97.59,-76.75,377
24.34,17.97,40.67735,-1.07,-0.00,-0.01,-40.70,-13.46,-0.61,67.01,97.59,-76.75,378
24.34,17.97,40.67735,-1.11,-0.02,0.11,-32.74,-19.00,4.72,43.32,79.90,-74.20,379
24.34,17.97,40.67735,-1.11,-0.02,0.11,-32.74,-19.00,4.72,43.32,79.90,-74.20,380
24.34,17.97,40.55528,-1.11,-0.02,0.11,-32.74,-19.00,4.72,43.32,79.90,-74.20,381
24.34,17.97,40.55528,-1.11,-0.02,0.11,-32.74,-19.00,4.72,43.32,79.90,-74.20,382
24.34,19.12,40.55528,-1.11,-0.02,0.11,-32.74,-19.00,4.72,43.32,79.90,-74.20,383
24.34,19.12,40.55528,-1.11,-0.02,0.11,-32.74,-19.00,4.72,43.32,79.90,-74.20,384
24.34,19.12,40.55528,-1.11,-0.02,0.11,-32.74,-19.00,4.72,43.32,79.90,-74.20,385
24.34,19.12,40.55528,-1.11,-0.02,0.11,-32.74,-19.00,4.72,43.32,79.90,-74.20,386
24.34,19.12,40.55528,-1.11,-0.02,0.11,-32.74,-19.00,4.72,43.32,79.90,-74.20,387
24.34,19.12,40.55528,-1.11,-0.02,0.11,-32.74,-19.00,4.72,43.32,79.90,-74.20,388
24.34,19.12,40.55528,-1.24,-0.02,0.04,-64.17,-5.34,-3.42,21.14,60.11,-108.38,389
24.34,19.12,40.55528,-1.24,-0.02,0.04,-64.17,-5.34,-3.42,21.14,60.11,-108.38,390
24.34,19.12,40.55528,-1.24,-0.02,0.04,-64.17,-5.34,-3.42,21.14,60.11,-108.38,391
24.34,19.12,40.55528,-1.24,-0.02,0.04,-64.17,-5.34,-3.42,21.14,60.11,-108.38,392
24.34,18.28,40.55528,-1.24,-0.02,0.04,-64.17,-5.34,-3.42,21.14,60.11,-108.38,393
24.34,18.28,40.55528,-1.24,-0.02,0.04,-64.17,-5.34,-3.42,21.14,60.11,-108.38,394
24.34,18.28,40.55528,-1.24,-0.02,0.04,-64.17,-5.34,-3.42,21.14,60.11,-108.38,395
24.34,18.28,40.55528,-1.24,-0.02,0.04,-64.17,-5.34,-3.42,21.14,60.11,-108.38,396
24.34,18.28,40.55528,-1.24,-0.02,0.04,-64.17,-5.34,-3.42,21.14,60.11,-108.38,397
24.34,18.28,40.55528,-1.24,-0.02,0.04,-64.17,-5.34,-3.42,21.14,60.11,-108.38,398
24.34,18.28,40.55528,-1.24,-0.02,0.04,-64.17,-5.34,-3.42,21.14,60.11,-108.38,399
24.34,18.28,40.55528,-1.24,-0.02,0.04,-64.17,-5.34,-3.42,21.14,60.11,-108.38,400
24.34,18.28,40.55528,-1.24,-0.02,0.04,-64.17,-5.34,-3.42,21.14,60.11,-108.38,401
24.34,18.28,40.55528,-1.24,-0.02,0.04,-64.17,-5.34,-3.42,21.14,60.11,-108.38,402
24.34,18.09,40.55528,-1.00,0.02,-0.09,-60.03,2.82,-17.64,20.24,109.58,-149.75,403
24.34,18.09,40.55528,-1.00,0.02,-0.09,-60.03,2.82,-17.64,20.24,109.58,-149.75,404
24.34,18.09,40.55528,-1.00,0.02,-0.09,-60.03,2.82,-17.64,20.24,109.58,-149.75,405
24.34,18.09,40.55528,-1.00,0.02,-0.09,-60.03,2.82,-17.64,20.24,109.58,-149.75,406
24.34,18.09,40.55528,-1.00,0.02,-0.09,-60.03,2.82,-17.64,20.24,109.58,-149.75,407
24.34,18.09,40.55528,-1.00,0.02,-0.09,-60.03,2.82,-17.64,20.24,109.58,-149.75,408
24.34,18.09,40.55528,-1.28,0.13,-0.10,-3.94,3.41,21.99,17.09,118.87,-82.15,409
24.34,18.09,40.55528,-1.28,0.13,-0.10,-3.94,3.41,21.99,17.09,118.87,-82.15,410
24.34,18.09,40.55528,-1.28,0.13,-0.10,-3.94,3.41,21.99,17.09,118.87,-82.15,411
24.34,18.09,40.55528,-1.28,0.13,-0.10,-3.94,3.41,21.99,17.09,118.87,-82.15,412
24.34,18.41,40.55528,-1.28,0.13,-0.10,-3.94,3.41,21.99,17.09,118.87,-82.15,413
24.34,18.41,40.55528,-1.28,0.13,-0.10,-3.94,3.41,21.99,17.09,118.87,-82.15,414
24.34,18.41,40.55528,-1.28,0.13,-0.10,-3.94,3.41,21.99,17.09,118.87,-82.15,415
24.34,18.41,40.55528,-1.28,0.13,-0.10,-3.94,3.41,21.99,17.09,118.87,-82.15,416
24.34,18.41,40.55528,-1.28,0.13,-0.10,-3.94,3.41,21.99,17.09,118.87,-82.15,417
24.34,18.41,40.55528,-1.28,0.13,-0.10,-3.94,3.41,21.99,17.09,118.87,-82.15,418
24.34,18.41,40.55528,-1.10,-0.10,0.13,-67.62,-17.56,-4.36,26.98,120.97,-59.81,419
24.34,18.41,40.55528,-1.10,-0.10,0.13,-67.62,-17.56,-4.36,26.98,120.97,-59.81,420
24.34,18.41,40.55528,-1.10,-0.10,0.13,-67.62,-17.56,-4.36,26.98,120.97,-59.81,421
24.34,18.41,40.55528,-1.10,-0.10,0.13,-67.62,-17.56,-4.36,26.98,120.97,-59.81,422
24.34,18.12,40.55528,-1.10,-0.10,0.13,-67.62,-17.56,-4.36,26.98,120.97,-59.81,423
24.34,18.12,40.55528,-1.10,-0.10,0.13,-67.62,-17.56,-4.36,26.98,120.97,-59.81,424
24.34,18.12,40.55528,-1.10,-0.10,0.13,-67.62,-17.56,-4.36,26.98,120.97,-59.81,425
24.34,18.12,40.55528,-1.10,-0.10,0.13,-67.62,-17.56,-4.36,26.98,120.97,-59.81,426
24.34,18.12,40.55528,-1.10,-0.10,0.13,-67.62,-17.56,-4.36,26.98,120.97,-59.81,427
24.34,18.12,40.55528,-1.10,-0.10,0.13,-67.62,-17.56,-4.36,26.98,120.97,-59.81,428
24.34,18.12,40.55528,-1.06,-0.19,0.02,-53.26,-13.40,-7.59,36.28,90.99,-47.82,429
24.34,18.12,40.55528,-1.06,-0.19,0.02,-53.26,-13.40,-7.59,36.28,90.99,-47.82,430
24.34,18.12,40.55528,-1.06,-0.19,0.02,-53.26,-13.40,-7.59,36.28,90.99,-47.82,431
24.34,18.12,40.55528,-1.06,-0.19,0.02,-53.26,-13.40,-7.59,36.28,90.99,-47.82,432
24.34,18.09,40.55528,-1.06,-0.19,0.02,-53.26,-13.40,-7.59,36.28,90.99,-47.82,433
24.34,18.09,40.55528,-1.06,-0.19,0.02,-53.26,-13.40,-7.59,36.28,90.99,-47.82,434
24.34,18.09,40.55528,-1.06,-0.19,0.02,-53.26,-13.40,-7.59,36.28,90.99,-47.82,435
24.34,18.09,40.55528,-1.06,-0.19,0.02,-53.26,-13.40,-7.59,36.28,90.99,-47.82,436
24.34,18.09,40.55528,-1.06,-0.19,0.02,-53.26,-13.40,-7.59,36.28,90.99,-47.82,437
24.34,18.09,40.55528,-1.06,-0.19,0.02,-53.26,-13.40,-7.59,36.28,90.99,-47.82,438
24.34,18.09,40.55528,-0.84,0.14,0.09,-61.40,-24.83,-4.23,47.22,113.48,-105.38,439
24.34,18.09,40.55528,-0.84,0.14,0.09,-61.40,-24.83,-4.23,47.22,113.48,-105.38,440
24.34,18.09,40.55528,-0.84,0.14,0.09,-61.40,-24.83,-4.23,47.22,113.48,-105.38,441
24.34,18.09,40.55528,-0.84,0.14,0.09,-61.40,-24.83,-4.23,47.22,113.48,-105.38,442
24.34,18.28,40.55528,-0.84,0.14,0.09,-61.40,-24.83,-4.23,47.22,113.48,-105.38,443
24.34,18.28,40.55528,-0.84,0.14,0.09,-61.40,-24.83,-4.23,47.22,113.48,-105.38,444
24.34,18.28,40.55528,-0.84,0.14,0.09,-61.40,-24.83,-4.23,47.22,113.48,-105.38,445
24.34,18.28,40.55528,-0.84,0.14,0.09,-61.40,-24.83,-4.23,47.22,113.48,-105.38,446
24.34,18.28,40.55528,-0.84,0.14,0.09,-61.40,-24.83,-4.23,47.22,113.48,-105.38,447
24.34,18.28,40.55528,-0.84,0.14,0.09,-61.40,-24.83,-4.23,47.22,113.48,-105.38,448
24.34,18.28,40.55528,-0.79,0.07,-0.07,-0.58,-1.11,-6.93,34.33,82.60,-82.30,449
24.34,18.28,40.55528,-0.79,0.07,-0.07,-0.58,-1.11,-6.93,34.33,82.60,-82.30,450
24.34,18.28,40.55528,-0.79,0.07,-0.07,-0.58,-1.11,-6.93,34.33,82.60,-82.30,451
24.34,18.28,40.55528,-0.79,0.07,-0.07,-0.58,-1.11,-6.93,34.33,82.60,-82.30,452
24.34,20.78,40.55528,-0.79,0.07,-0.07,-0.58,-1.11,-6.93,34.33,82.60,-82.30,453
24.34,20.78,40.55528,-0.79,0.07,-0.07,-0.58,-1.11,-6.93,34.33,82.60,-82.30,454
24.34,20.78,40.55528,-0.79,0.07,-0.07,-0.58,-1.11,-6.93,34.33,82.60,-82.30,455
24.34,20.78,40.55528,-0.79,0.07,-0.07,-0.58,-1.11,-6.93,34.33,82.60,-82.30,456
24.34,20.78,40.55528,-0.79,0.07,-0.07,-0.58,-1.11,-6.93,34.33,82.60,-82.30,457
24.34,20.78,40.55528,-0.79,0.07,-0.07,-0.58,-1.11,-6.93,34.33,82.60,-82.30,458
24.34,20.78,40.55528,-1.44,0.13,-0.03,-62.76,-6.40,-0.71,33.88,61.91,-93.24,459
24.34,20.78,40.55528,-1.44,0.13,-0.03,-62.76,-6.40,-0.71,33.88,61.91,-93.24,460
24.34,20.78,40.55528,-1.44,0.13,-0.03,-62.76,-6.40,-0.71,33.88,61.91,-93.24,461
24.34,20.78,40.55528,-1.44,0.13,-0.03,-62.76,-6.40,-0.71,33.88,61.91,-93.24,462
24.34,18.56,40.55528,-1.44,0.13,-0.03,-62.76,-6.40,-0.71,33.88,61.91,-93.24,463
24.34,18.56,40.55528,-1.44,0.13,-0.03,-62.76,-6.40,-0.71,33.88,61.91,-93.24,464
24.34,18.56,40.55528,-1.44,0.13,-0.03,-62.76,-6.40,-0.71,33.88,61.91,-93.24,465
24.34,18.56,40.55528,-1.44,0.13,-0.03,-62.76,-6.40,-0.71,33.88,61.91,-93.24,466
24.34,18.56,40.55528,-1.44,0.13,-0.03,-62.76,-6.40,-0.71,33.88,61.91,-93.24,467
24.34,18.56,40.55528,-1.44,0.13,-0.03,-62.76,-6.40,-0.71,33.88,61.91,-93.24,468
24.34,18.56,40.55528,-0.83,0.05,0.12,-67.11,-23.95,-9.17,-17.69,103.73,-180.33,469
24.34,18.56,40.55528,-0.83,0.05,0.12,-67.11,-23.95,-9.17,-17.69,103.73,-180.33,470
24.34,18.56,40.55528,-0.83,0.05,0.12,-67.11,-23.95,-9.17,-17.69,103.73,-180.33,471
24.34,18.56,40.55528,-0.83,0.05,0.12,-67.11,-23.95,-9.17,-17.69,103.73,-180.33,472
24.34,18.56,40.55528,-0.83,0.05,0.12,-67.11,-23.95,-9.17,-17.69,103.73,-180.33,473
24.34,18.31,40.55528,-0.83,0.05,0.12,-67.11,-23.95,-9.17,-17.69,103.73,-180.33,474
24.34,18.31,40.55528,-0.83,0.05,0.12,-67.11,-23.95,-9.17,-17.69,103.73,-180.33,475
24.34,18.31,40.55528,-0.83,0.05,0.12,-67.11,-23.95,-9.17,-17.69,103.73,-180.33,476
24.34,18.31,40.55528,-0.83,0.05,0.12,-67.11,-23.95,-9.17,-17.69,103.73,-180.33,477
24.34,18.31,40.55528,-0.83,0.05,0.12,-67.11,-23.95,-9.17,-17.69,103.73,-180.33,478
24.34,18.31,40.55528,-1.15,0.02,0.00,-24.61,-7.46,-3.28,10.49,80.80,-105.98,479
24.34,18.31,40.55528,-1.15,0.02,0.00,-24.61,-7.46,-3.28,10.49,80.80,-105.98,480
24.34,18.31,40.55528,-1.15,0.02,0.00,-24.61,-7.46,-3.28,10.49,80.80,-105.98,481
24.34,18.31,40.55528,-1.15,0.02,0.00,-24.61,-7.46,-3.28,10.49,80.80,-105.98,482
24.34,18.31,40.55528,-1.15,0.02,0.00,-24.61,-7.46,-3.28,10.49,80.80,-105.98,483
24.34,18.44,40.55528,-1.15,0.02,0.00,-24.61,-7.46,-3.28,10.49,80.80,-105.98,484
24.34,18.44,40.55528,-1.15,0.02,0.00,-24.61,-7.46,-3.28,10.49,80.80,-105.98,485
24.34,18.44,40.55528,-1.15,0.02,0.00,-24.61,-7.46,-3.28,10.49,80.80,-105.98,486
24.34,18.44,40.55528,-1.15,0.02,0.00,-24.61,-7.46,-3.28,10.49,80.80,-105.98,487
24.34,18.44,40.55528,-1.15,0.02,0.00,-24.61,-7.46,-3.28,10.49,80.80,-105.98,488
24.34,18.44,40.55528,-0.64,-0.11,0.08,-47.42,-13.31,0.09,10.04,129.37,-74.05,489
24.34,18.44,40.55528,-0.64,-0.11,0.08,-47.42,-13.31,0.09,10.04,129.37,-74.05,490
24.34,18.44,40.55528,-0.64,-0.11,0.08,-47.42,-13.31,0.09,10.04,129.37,-74.05,491
24.34,18.44,40.55528,-0.64,-0.11,0.08,-47.42,-13.31,0.09,10.04,129.37,-74.05,492
24.34,18.44,40.55528,-0.64,-0.11,0.08,-47.42,-13.31,0.09,10.04,129.37,-74.05,493
24.34,18.38,40.55528,-0.64,-0.11,0.08,-47.42,-13.31,0.09,10.04,129.37,-74.05,494
24.34,18.38,40.55528,-0.64,-0.11,0.08,-47.42,-13.31,0.09,10.04,129.37,-74.05,495
24.34,18.38,40.55528,-0.64,-0.11,0.08,-47.42,-13.31,0.09,10.04,129.37,-74.05,496
24.34,18.38,40.55528,-0.64,-0.11,0.08,-47.42,-13.31,0.09,10.04,129.37,-74.05,497
24.34,18.38,40.55528,-0.64,-0.11,0.08,-47.42,-13.31,0.09,10.04,129.37,-74.05,498
24.34,18.38,40.55528,-0.64,-0.11,0.08,-47.42,-13.31,0.09,10.04,129.37,-74.05,499
24.34,18.38,40.55528,-0.64,-0.11,0.08,-47.42,-13.31,0.09,10.04,129.37,-74.05,500
24.34,18.38,40.55528,-0.64,-0.11,0.08,-47.42,-13.31,0.09,10.04,129.37,-74.05,501
24.34,18.38,40.55528,-0.64,-0.11,0.08,-47.42,-13.31,0.09,10.04,129.37,-74.05,502
24.34,18.38,40.55528,-1.29,-0.18,0.10,-66.11,-20.33,-2.89,28.63,98.04,-38.67,503
24.34,18.06,40.55528,-1.29,-0.18,0.10,-66.11,-20.33,-2.89,28.63,98.04,-38.67,504
24.34,18.06,40.55528,-1.29,-0.18,0.10,-66.11,-20.33,-2.89,28.63,98.04,-38.67,505
24.34,18.06,40.55528,-1.29,-0.18,0.10,-66.11,-20.33,-2.89,28.63,98.04,-38.67,506
24.34,18.06,40.55528,-1.29,-0.18,0.10,-66.11,-20.33,-2.89,28.63,98.04,-38.67,507
24.34,18.06,40.55528,-1.29,-0.18,0.10,-66.11,-20.33,-2.89,28.63,98.04,-38.67,508
24.34,18.06,40.55528,-0.43,-0.18,-0.02,-55.96,-10.94,-9.67,60.86,109.28,-91.74,509
24.34,18.06,40.55528,-0.43,-0.18,-0.02,-55.96,-10.94,-9.67,60.86,109.28,-91.74,510
24.34,18.06,40.55528,-0.43,-0.18,-0.02,-55.96,-10.94,-9.67,60.86,109.28,-91.74,511
24.34,18.06,40.55528,-0.43,-0.18,-0.02,-55.96,-10.94,-9.67,60.86,109.28,-91.74,512
24.34,18.06,40.55528,-0.43,-0.18,-0.02,-55.96,-10.94,-9.67,60.86,109.28,-91.74,513
24.34,18.28,40.55528,-0.43,-0.18,-0.02,-55.96,-10.94,-9.67,60.86,109.28,-91.74,514
24.34,18.28,40.55528,-0.43,-0.18,-0.02,-55.96,-10.94,-9.67,60.86,109.28,-91.74,515
24.34,18.28,40.55528,-0.43,-0.18,-0.02,-55.96,-10.94,-9.67,60.86,109.28,-91.74,516
24.34,18.28,40.55528,-0.43,-0.18,-0.02,-55.96,-10.94,-9.67,60.86,109.28,-91.74,517
24.34,18.28,40.55528,-0.43,-0.18,-0.02,-55.96,-10.94,-9.67,60.86,109.28,-91.74,518
24.34,18.28,40.55528,-0.47,0.15,0.07,14.65,-6.05,-0.37,43.47,76.15,-83.95,519
24.34,18.28,40.55528,-0.47,0.15,0.07,14.65,-6.05,-0.37,43.47,76.15,-83.95,520
24.34,18.28,40.55528,-0.47,0.15,0.07,14.65,-6.05,-0.37,43.47,76.15,-83.95,521
24.34,18.28,40.55528,-0.47,0.15,0.07,14.65,-6.05,-0.37,43.47,76.15,-83.95,522
24.34,18.28,40.55528,-0.47,0.15,0.07,14.65,-6.05,-0.37,43.47,76.15,-83.95,523
24.41,28.53,40.55528,-0.47,0.15,0.07,14.65,-6.05,-0.37,43.47,76.15,-83.95,524
24.41,28.53,40.55528,-0.47,0.15,0.07,14.65,-6.05,-0.37,43.47,76.15,-83.95,525
24.41,28.53,40.55528,-0.47,0.15,0.07,14.65,-6.05,-0.37,43.47,76.15,-83.95,526
24.41,28.53,40.55528,-0.47,0.15,0.07,14.65,-6.05,-0.37,43.47,76.15,-83.95,527
24.41,28.53,40.55528,-0.47,0.15,0.07,14.65,-6.05,-0.37,43.47,76.15,-83.95,528
24.41,28.53,40.55528,-1.03,0.15,-0.00,-71.35,-30.66,-7.77,41.82,74.05,-74.65,529
24.41,28.53,40.55528,-1.03,0.15,-0.00,-71.35,-30.66,-7.77,41.82,74.05,-74.65,530
24.41,28.53,40.55528,-1.03,0.15,-0.00,-71.35,-30.66,-7.77,41.82,74.05,-74.65,531
24.41,28.53,40.55528,-1.03,0.15,-0.00,-71.35,-30.66,-7.77,41.82,74.05,-74.65,532
24.41,28.53,40.55528,-1.03,0.15,-0.00,-71.35,-30.66,-7.77,41.82,74.05,-74.65,533
24.34,18.47,40.55528,-1.03,0.15,-0.00,-71.35,-30.66,-7.77,41.82,74.05,-74.65,534
24.34,18.47,40.55528,-1.03,0.15,-0.00,-71.35,-30.66,-7.77,41.82,74.05,-74.65,535
24.34,18.47,40.55528,-1.03,0.15,-0.00,-71.35,-30.66,-7.77,41.82,74.05,-74.65,536
24.34,18.47,40.55528,-1.03,0.15,-0.00,-71.35,-30.66,-7.77,41.82,74.05,-74.65,537
24.34,18.47,40.55528,-1.03,0.15,-0.00,-71.35,-30.66,-7.77,41.82,74.05,-74.65,538
24.34,18.47,40.55528,-1.03,-0.00,-0.07,-64.10,-8.78,-3.26,-0.45,69.25,-166.84,539
24.34,18.47,40.55528,-1.03,-0.00,-0.07,-64.10,-8.78,-3.26,-0.45,69.25,-166.84,540
24.34,18.47,40.55528,-1.03,-0.00,-0.07,-64.10,-8.78,-3.26,-0.45,69.25,-166.84,541
24.34,18.47,40.55528,-1.03,-0.00,-0.07,-64.10,-8.78,-3.26,-0.45,69.25,-166.84,542
24.34,18.47,40.55528,-1.03,-0.00,-0.07,-64.10,-8.78,-3.26,-0.45,69.25,-166.84,543
24.34,18.47,40.55528,-1.03,-0.00,-0.07,-64.10,-8.78,-3.26,-0.45,69.25,-166.84,544
24.34,18.47,40.55528,-1.03,-0.00,-0.07,-64.10,-8.78,-3.26,-0.45,69.25,-166.84,545
24.34,18.47,40.55528,-1.03,-0.00,-0.07,-64.10,-8.78,-3.26,-0.45,69.25,-166.84,546
24.34,18.47,40.55528,-1.03,-0.00,-0.07,-64.10,-8.78,-3.26,-0.45,69.25,-166.84,547
24.34,18.47,40.55528,-1.03,-0.00,-0.07,-64.10,-8.78,-3.26,-0.45,69.25,-166.84,548
24.34,18.47,40.55528,-0.98,-0.12,0.02,-62.22,4.76,-7.53,34.18,83.80,-125.02,549
24.34,18.47,40.55528,-0.98,-0.12,0.02,-62.22,4.76,-7.53,34.18,83.80,-125.02,550
24.34,18.47,40.55528,-0.98,-0.12,0.02,-62.22,4.76,-7.53,34.18,83.80,-125.02,551
24.34,18.47,40.55528,-0.98,-0.12,0.02,-62.22,4.76,-7.53,34.18,83.80,-125.02,552
24.34,18.47,40.55528,-0.98,-0.12,0.02,-62.22,4.76,-7.53,34.18,83.80,-125.02,553
24.34,18.16,40.55528,-0.98,-0.12,0.02,-62.22,4.76,-7.53,34.18,83.80,-125.02,554
24.34,18.16,40.55528,-0.98,-0.12,0.02,-62.22,4.76,-7.53,34.18,83.80,-125.02,555
24.34,18.16,40.55528,-0.98,-0.12,0.02,-62.22,4.76,-7.53,34.18,83.80,-125.02,556
24.34,18.16,40.55528,-0.98,-0.12,0.02,-62.22,4.76,-7.53,34.18,83.80,-125.02,557
24.34,18.16,40.55528,-0.98,-0.12,0.02,-62.22,4.76,-7.53,34.18,83.80,-125.02,558
24.34,18.16,40.55528,-0.90,0.06,0.11,-3.91,-3.74,-4.54,18.59,118.27,-79.90,559
24.34,18.16,40.55528,-0.90,0.06,0.11,-3.91,-3.74,-4.54,18.59,118.27,-79.90,560
24.34,18.16,40.55528,-0.90,0.06,0.11,-3.91,-3.74,-4.54,18.59,118.27,-79.90,561
24.34,18.16,40.55528,-0.90,0.06,0.11,-3.91,-3.74,-4.54,18.59,118.27,-79.90,562
24.34,18.16,40.55528,-0.90,0.06,0.11,-3.91,-3.74,-4.54,18.59,118.27,-79.90,563
24.34,18.28,40.55528,-0.90,0.06,0.11,-3.91,-3.74,-4.54,18.59,118.27,-79.90,564
24.34,18.28,40.55528,-0.90,0.06,0.11,-3.91,-3.74,-4.54,18.59,118.27,-79.90,565
24.34,18.28,40.55528,-0.90,0.06,0.11,-3.91,-3.74,-4.54,18.59,118.27,-79.90,566
24.34,18.28,40.55528,-0.90,0.06,0.11,-3.91,-3.74,-4.54,18.59,118.27,-79.90,567
24.34,18.28,40.55528,-0.90,0.06,0.11,-3.91,-3.74,-4.54,18.59,118.27,-79.90,568
24.34,18.28,40.55528,-0.84,0.04,0.01,-62.54,-6.09,-8.51,33.73,116.02,-33.73,569
24.34,18.28,40.55528,-0.84,0.04,0.01,-62.54,-6.09,-8.51,33.73,116.02,-33.73,570
24.34,18.28,40.55528,-0.84,0.04,0.01,-62.54,-6.09,-8.51,33.73,116.02,-33.73,571
24.34,18.28,40.55528,-0.84,0.04,0.01,-62.54,-6.09,-8.51,33.73,116.02,-33.73,572
24.34,18.28,40.55528,-0.84,0.04,0.01,-62.54,-6.09,-8.51,33.73,116.02,-33.73,573
24.34,18.19,40.55528,-0.84,0.04,0.01,-62.54,-6.09,-8.51,33.73,116.02,-33.73,574
24.34,18.19,40.55528,-0.84,0.04,0.01,-62.54,-6.09,-8.51,33.73,116.02,-33.73,575
24.34,18.19,40.55528,-0.84,0.04,0.01,-62.54,-6.09,-8.51,33.73,116.02,-33.73,576
24.34,18.19,40.55528,-0.84,0.04,0.01,-62.54,-6.09,-8.51,33.73,116.02,-33.73,577
24.34,18.19,40.55528,-0.84,0.04,0.01,-62.54,-6.09,-8.51,33.73,116.02,-33.73,578
24.34,18.19,40.55528,-0.99,0.03,-0.01,-61.42,-11.64,0.34,-11.84,110.63,-135.96,579
24.34,18.19,40.55528,-0.99,0.03,-0.01,-61.42,-11.64,0.34,-11.84,110.63,-135.96,580
24.34,18.19,40.55528,-0.99,0.03,-0.01,-61.42,-11.64,0.34,-11.84,110.63,-135.96,581
24.34,18.19,40.55528,-0.99,0.03,-0.01,-61.42,-11.64,0.34,-11.84,110.63,-135.96,582
24.34,18.19,40.55528,-0.99,0.03,-0.01,-61.42,-11.64,0.34,-11.84,110.63,-135.96,583
24.34,18.22,40.55528,-0.99,0.03,-0.01,-61.42,-11.64,0.34,-11.84,110.63,-135.96,584
24.34,18.22,40.55528,-0.99,0.03,-0.01,-61.42,-11.64,0.34,-11.84,110.63,-135.96,585
24.34,18.22,40.55528,-0.99,0.03,-0.01,-61.42,-11.64,0.34,-11.84,110.63,-135.96,586
24.34,18.22,40.55528,-0.99,0.03,-0.01,-61.42,-11.64,0.34,-11.84,110.63,-135.96,587
24.34,18.22,40.55528,-0.99,0.03,-0.01,-61.42,-11.64,0.34,-11.84,110.63,-135.96,588
24.34,18.22,40.55528,-0.92,-0.08,0.04,6.31,-8.19,-5.61,60.56,88.29,-69.25,589
24.34,18.22,40.55528,-0.92,-0.08,0.04,6.31,-8.19,-5.61,60.56,88.29,-69.25,590
24.34,18.22,40.55528,-0.92,-0.08,0.04,6.31,-8.19,-5.61,60.56,88.29,-69.25,591
24.34,18.22,40.55528,-0.92,-0.08,0.04,6.31,-8.19,-5.61,60.56,88.29,-69.25,592
24.34,18.22,40.55528,-0.92,-0.08,0.04,6.31,-8.19,-5.61,60.56,88.29,-69.25,593
24.84,12.59,40.55528,-0.92,-0.08,0.04,6.31,-8.19,-5.61,60.56,88.29,-69.25,594
24.84,12.59,40.55528,-0.92,-0.08,0.04,6.31,-8.19,-5.61,60.56,88.29,-69.25,595
24.84,12.59,40.55528,-0.92,-0.08,0.04,6.31,-8.19,-5.61,60.56,88.29,-69.25,596
24.84,12.59,40.55528,-0.92,-0.08,0.04,6.31,-8.19,-5.61,60.56,88.29,-69.25,597
24.84,12.59,40.55528,-0.92,-0.08,0.04,6.31,-8.19,-5.61,60.56,88.29,-69.25,598
24.84,12.59,40.55528,-0.92,-0.08,0.04,6.31,-8.19,-5.61,60.56,88.29,-69.25,599
24.84,12.59,40.55528,-0.92,-0.08,0.04,6.31,-8.19,-5.61,60.56,88.29,-69.25,600
24.84,12.59,40.55528,-0.92,-0.08,0.04,6.31,-8.19,-5.61,60.56,88.29,-69.25,601
24.84,12.59,40.55528,-0.92,-0.08,0.04,6.31,-8.19,-5.61,60.56,88.29,-69.25,602
24.84,12.59,40.55528,-0.94,-0.09,-0.02,-54.54,-39.74,-7.72,33.28,80.50,-82.60,603
24.34,18.72,40.55528,-0.94,-0.09,-0.02,-54.54,-39.74,-7.72,33.28,80.50,-82.60,604
24.34,18.72,40.55528,-0.94,-0.09,-0.02,-54.54,-39.74,-7.72,33.28,80.50,-82.60,605
24.34,18.72,40.55528,-0.94,-0.09,-0.02,-54.54,-39.74,-7.72,33.28,80.50,-82.60,606
24.34,18.72,40.55528,-0.94,-0.09,-0.02,-54.54,-39.74,-7.72,33.28,80.50,-82.60,607
24.34,18.72,40.55528,-0.94,-0.09,-0.02,-54.54,-39.74,-7.72,33.28,80.50,-82.60,608
24.34,18.72,40.55528,-0.74,-0.05,0.04,-59.77,-21.07,-6.08,-28.33,77.95,-195.77,609
24.34,18.72,40.55528,-0.74,-0.05,0.04,-59.77,-21.07,-6.08,-28.33,77.95,-195.77,610
24.34,18.72,40.55528,-0.74,-0.05,0.04,-59.77,-21.07,-6.08,-28.33,77.95,-195.77,611
24.34,18.72,40.55528,-0.74,-0.05,0.04,-59.77,-21.07,-6.08,-28.33,77.95,-195.77,612
24.34,18.72,40.55528,-0.74,-0.05,0.04,-59.77,-21.07,-6.08,-28.33,77.95,-195.77,613
24.34,18.47,40.55528,-0.74,-0.05,0.04,-59.77,-21.07,-6.08,-28.33,77.95,-195.77,614
24.34,18.47,40.55528,-0.57,0.27,0.17,-62.60,-23.78,-2.01,52.62,98.49,-125.32,615
24.34,18.47,40.55528,-0.57,0.27,0.17,-62.60,-23.78,-2.01,52.62,98.49,-125.32,616
24.34,18.47,40.55528,-0.57,0.27,0.17,-62.60,-23.78,-2.01,52.62,98.49,-125.32,617
24.34,18.31,40.55528,-0.57,0.27,0.17,-62.60,-23.78,-2.01,52.62,98.49,-125.32,618
24.34,18.31,40.55528,-0.57,0.27,0.17,-62.60,-23.78,-2.01,52.62,98.49,-125.32,619
24.34,18.31,40.55528,-0.57,0.27,0.17,-62.60,-23.78,-2.01,52.62,98.49,-125.32,620
24.34,18.31,40.55528,-0.57,0.27,0.17,-62.60,-23.78,-2.01,52.62,98.49,-125.32,621
24.34,18.31,40.55528,-0.57,0.27,0.17,-62.60,-23.78,-2.01,52.62,98.49,-125.32,622
24.34,18.31,40.55528,-0.57,-0.01,0.01,6.62,-2.65,-8.52,13.34,113.63,-82.30,623
24.34,18.31,40.55528,-0.57,-0.01,0.01,6.62,-2.65,-8.52,13.34,113.63,-82.30,624
24.34,18.31,40.55528,-0.57,-0.01,0.01,6.62,-2.65,-8.52,13.34,113.63,-82.30,625
24.34,18.31,40.55528,-0.57,-0.01,0.01,6.62,-2.65,-8.52,13.34,113.63,-82.30,626
24.34,18.31,40.55528,-0.57,-0.01,0.01,6.62,-2.65,-8.52,13.34,113.63,-82.30,627
24.34,18.22,40.55528,-0.57,-0.01,0.01,6.62,-2.65,-8.52,13.34,113.63,-82.30,628
24.34,18.22,40.55528,-0.57,-0.01,0.01,6.62,-2.65,-8.52,13.34,113.63,-82.30,629
24.34,18.22,40.55528,-0.57,-0.01,0.01,6.62,-2.65,-8.52,13.34,113.63,-82.30,630
24.34,18.22,40.55528,-0.57,-0.01,0.01,6.62,-2.65,-8.52,13.34,113.63,-82.30,631
24.34,18.22,40.55528,-0.57,-0.01,0.01,6.62,-2.65,-8.52,13.34,113.63,-82.30,632
24.34,18.22,40.55528,-1.12,-0.00,0.02,-69.71,-13.08,2.76,14.39,115.42,-56.81,633
24.34,18.22,40.55528,-1.12,-0.00,0.02,-69.71,-13.08,2.76,14.39,115.42,-56.81,634
24.34,18.22,40.55528,-1.12,-0.00,0.02,-69.71,-13.08,2.76,14.39,115.42,-56.81,635
24.34,18.22,40.55528,-1.12,-0.00,0.02,-69.71,-13.08,2.76,14.39,115.42,-56.81,636
24.34,18.22,40.55528,-1.12,-0.00,0.02,-69.71,-13.08,2.76,14.39,115.42,-56.81,637
24.34,18.38,40.55528,-1.12,-0.00,0.02,-69.71,-13.08,2.76,14.39,115.42,-56.81,638
24.34,18.38,40.55528,-1.12,-0.00,0.02,-69.71,-13.08,2.76,14.39,115.42,-56.81,639
24.34,18.38,40.55528,-1.12,-0.00,0.02,-69.71,-13.08,2.76,14.39,115.42,-56.81,640
24.34,18.38,40.55528,-1.12,-0.00,0.02,-69.71,-13.08,2.76,14.39,115.42,-56.81,641
24.34,18.38,40.55528,-1.12,-0.00,0.02,-69.71,-13.08,2.76,14.39,115.42,-56.81,642
24.34,18.38,40.55528,-1.20,0.12,-0.04,-67.77,-30.17,4.26,12.74,87.84,-99.98,643
24.34,18.38,40.55528,-1.20,0.12,-0.04,-67.77,-30.17,4.26,12.74,87.84,-99.98,644
24.34,18.38,40.55528,-1.20,0.12,-0.04,-67.77,-30.17,4.26,12.74,87.84,-99.98,645
24.34,18.38,40.55528,-1.20,0.12,-0.04,-67.77,-30.17,4.26,12.74,87.84,-99.98,646
24.34,18.38,40.55528,-1.20,0.12,-0.04,-67.77,-30.17,4.26,12.74,87.84,-99.98,647
24.34,18.34,40.55528,-1.20,0.12,-0.04,-67.77,-30.17,4.26,12.74,87.84,-99.98,648
24.34,18.34,40.55528,-1.20,0.12,-0.04,-67.77,-30.17,4.26,12.74,87.84,-99.98,649
24.34,18.34,40.55528,-1.20,0.12,-0.04,-67.77,-30.17,4.26,12.74,87.84,-99.98,650
24.34,18.34,40.55528,-1.20,0.12,-0.04,-67.77,-30.17,4.26,12.74,87.84,-99.98,651
24.34,18.34,40.55528,-1.07,-0.21,0.08,-37.65,-22.99,-4.72,66.26,100.88,-79.45,652
24.34,18.34,40.55528,-1.07,-0.21,0.08,-37.65,-22.99,-4.72,66.26,100.88,-79.45,653
24.34,18.34,40.55528,-1.07,-0.21,0.08,-37.65,-22.99,-4.72,66.26,100.88,-79.45,654
24.34,18.34,40.55528,-1.07,-0.21,0.08,-37.65,-22.99,-4.72,66.26,100.88,-79.45,655
24.34,18.34,40.55528,-1.07,-0.21,0.08,-37.65,-22.99,-4.72,66.26,100.88,-79.45,656
24.34,18.34,40.55528,-1.07,-0.21,0.08,-37.65,-22.99,-4.72,66.26,100.88,-79.45,657
24.38,11.84,40.55528,-1.07,-0.21,0.08,-37.65,-22.99,-4.72,66.26,100.88,-79.45,658
24.38,11.84,40.55528,-1.07,-0.21,0.08,-37.65,-22.99,-4.72,66.26,100.88,-79.45,659
24.38,11.84,40.55528,-1.07,-0.21,0.08,-37.65,-22.99,-4.72,66.26,100.88,-79.45,660
24.38,11.84,40.55528,-1.07,-0.21,0.08,-37.65,-22.99,-4.72,66.26,100.88,-79.45,661
24.38,11.84,40.55528,-1.07,-0.21,0.08,-37.65,-22.99,-4.72,66.26,100.88,-79.45,662
24.38,11.84,40.55528,-1.29,-0.13,0.08,-30.19,-9.70,4.51,42.12,80.50,-75.10,663
24.38,11.84,40.55528,-1.29,-0.13,0.08,-30.19,-9.70,4.51,42.12,80.50,-75.10,664
24.38,11.84,40.55528,-1.29,-0.13,0.08,-30.19,-9.70,4.51,42.12,80.50,-75.10,665
24.38,11.84,40.55528,-1.29,-0.13,0.08,-30.19,-9.70,4.51,42.12,80.50,-75.10,666
24.38,11.84,40.55528,-1.29,-0.13,0.08,-30.19,-9.70,4.51,42.12,80.50,-75.10,667
24.38,11.84,40.55528,-1.29,-0.13,0.08,-30.19,-9.70,4.51,42.12,80.50,-75.10,668
24.34,18.88,40.55528,-1.29,-0.13,0.08,-30.19,-9.70,4.51,42.12,80.50,-75.10,669
24.34,18.88,40.55528,-1.29,-0.13,0.08,-30.19,-9.70,4.51,42.12,80.50,-75.10,670
24.34,18.88,40.55528,-1.29,-0.13,0.08,-30.19,-9.70,4.51,42.12,80.50,-75.10,671
24.34,18.88,40.55528,-1.29,-0.13,0.08,-30.19,-9.70,4.51,42.12,80.50,-75.10,672
24.34,18.88,40.55528,-0.90,-0.12,0.01,-62.04,-15.56,-7.65,19.64,59.36,-110.03,673
24.34,18.88,40.55528,-0.90,-0.12,0.01,-62.04,-15.56,-7.65,19.64,59.36,-110.03,674
24.34,18.88,40.55528,-0.90,-0.12,0.01,-62.04,-15.56,-7.65,19.64,59.36,-110.03,675
24.34,18.88,40.55528,-0.90,-0.12,0.01,-62.04,-15.56,-7.65,19.64,59.36,-110.03,676
24.34,18.88,40.55528,-0.90,-0.12,0.01,-62.04,-15.56,-7.65,19.64,59.36,-110.03,677
24.34,18.88,40.55528,-0.90,-0.12,0.01,-62.04,-15.56,-7.65,19.64,59.36,-110.03,678
24.34,18.38,40.55528,-0.90,-0.12,0.01,-62.04,-15.56,-7.65,19.64,59.36,-110.03,679
24.34,18.38,40.55528,-0.90,-0.12,0.01,-62.04,-15.56,-7.65,19.64,59.36,-110.03,680
24.34,18.38,40.55528,-0.90,-0.12,0.01,-62.04,-15.56,-7.65,19.64,59.36,-110.03,681
24.34,18.38,40.55528,-0.90,-0.12,0.01,-62.04,-15.56,-7.65,19.64,59.36,-110.03,682
24.34,18.38,40.55528,-0.80,-0.07,-0.00,-56.54,-24.39,0.34,19.64,109.43,-150.50,683
24.34,18.38,40.55528,-0.80,-0.07,-0.00,-56.54,-24.39,0.34,19.64,109.43,-150.50,684
24.34,18.38,40.55528,-0.80,-0.07,-0.00,-56.54,-24.39,0.34,19.64,109.43,-150.50,685
24.34,18.38,40.55528,-0.80,-0.07,-0.00,-56.54,-24.39,0.34,19.64,109.43,-150.50,686
24.34,18.38,40.55528,-0.80,-0.07,-0.00,-56.54,-24.39,0.34,19.64,109.43,-150.50,687
24.34,18.28,40.55528,-0.80,-0.07,-0.00,-56.54,-24.39,0.34,19.64,109.43,-150.50,688
24.34,18.28,40.55528,-0.80,-0.07,-0.00,-56.54,-24.39,0.34,19.64,109.43,-150.50,689
24.34,18.28,40.55528,-0.80,-0.07,-0.00,-56.54,-24.39,0.34,19.64,109.43,-150.50,690
24.34,18.28,40.55528,-0.80,-0.07,-0.00,-56.54,-24.39,0.34,19.64,109.43,-150.50,691
24.34,18.28,40.55528,-0.80,-0.07,-0.00,-56.54,-24.39,0.34,19.64,109.43,-150.50,692
24.34,18.28,40.55528,-0.80,-0.07,-0.00,-56.54,-24.39,0.34,19.64,109.43,-150.50,693
24.34,18.28,40.55528,-0.80,-0.07,-0.00,-56.54,-24.39,0.34,19.64,109.43,-150.50,694
24.34,18.28,40.55528,-0.80,-0.07,-0.00,-56.54,-24.39,0.34,19.64,109.43,-150.50,695
24.34,18.28,40.55528,-0.80,-0.07,-0.00,-56.54,-24.39,0.34,19.64,109.43,-150.50,696
24.34,18.28,40.55528,-0.26,-0.02,-0.16,13.46,-1.34,-7.95,-6.30,99.09,-94.29,697
24.34,18.28,40.55528,-0.26,-0.02,-0.16,13.46,-1.34,-7.95,-6.30,99.09,-94.29,698
24.34,18.22,40.55528,-0.26,-0.02,-0.16,13.46,-1.34,-7.95,-6.30,99.09,-94.29,699
24.34,18.22,40.55528,-0.26,-0.02,-0.16,13.46,-1.34,-7.95,-6.30,99.09,-94.29,700
24.34,18.22,40.55528,-0.26,-0.02,-0.16,13.46,-1.34,-7.95,-6.30,99.09,-94.29,701
24.34,18.22,40.55528,-0.26,-0.02,-0.16,13.46,-1.34,-7.95,-6.30,99.09,-94.29,702
24.34,18.22,40.55528,-1.06,0.07,0.12,-66.22,-23.54,7.31,28.78,117.07,-39.57,703
24.34,18.22,40.55528,-1.06,0.07,0.12,-66.22,-23.54,7.31,28.78,117.07,-39.57,704
24.34,18.22,40.55528,-1.06,0.07,0.12,-66.22,-23.54,7.31,28.78,117.07,-39.57,705
24.34,18.22,40.55528,-1.06,0.07,0.12,-66.22,-23.54,7.31,28.78,117.07,-39.57,706
24.34,18.22,40.55528,-1.06,0.07,0.12,-66.22,-23.54,7.31,28.78,117.07,-39.57,707
24.34,18.22,40.55528,-1.06,0.07,0.12,-66.22,-23.54,7.31,28.78,117.07,-39.57,708
24.34,18.34,40.55528,-1.06,0.07,0.12,-66.22,-23.54,7.31,28.78,117.07,-39.57,709
24.34,18.34,40.55528,-1.06,0.07,0.12,-66.22,-23.54,7.31,28.78,117.07,-39.57,710
24.34,18.34,40.55528,-1.06,0.07,0.12,-66.22,-23.54,7.31,28.78,117.07,-39.57,711
24.34,18.34,40.55528,-1.06,0.07,0.12,-66.22,-23.54,7.31,28.78,117.07,-39.57,712
24.34,18.34,40.55528,-0.77,-0.04,-0.01,-65.18,-17.14,-1.08,35.68,87.99,-56.21,713
24.34,18.34,40.55528,-0.77,-0.04,-0.01,-65.18,-17.14,-1.08,35.68,87.99,-56.21,714
24.34,18.34,40.55528,-0.77,-0.04,-0.01,-65.18,-17.14,-1.08,35.68,87.99,-56.21,715
24.34,18.34,40.55528,-0.77,-0.04,-0.01,-65.18,-17.14,-1.08,35.68,87.99,-56.21,716
24.34,18.34,40.55528,-0.77,-0.04,-0.01,-65.18,-17.14,-1.08,35.68,87.99,-56.21,717
24.34,18.31,40.55528,-0.77,-0.04,-0.01,-65.18,-17.14,-1.08,35.68,87.99,-56.21,718
24.34,18.31,40.55528,-0.77,-0.04,-0.01,-65.18,-17.14,-1.08,35.68,87.99,-56.21,719
24.34,18.31,40.55528,-0.77,-0.04,-0.01,-65.18,-17.14,-1.08,35.68,87.99,-56.21,720
24.34,18.31,40.55528,-0.77,-0.04,-0.01,-65.18,-17.14,-1.08,35.68,87.99,-56.21,721
24.34,18.31,40.55528,-0.90,0.03,0.28,-55.24,-19.93,-12.49,51.42,111.23,-97.74,722
24.34,18.31,40.55528,-0.90,0.03,0.28,-55.24,-19.93,-12.49,51.42,111.23,-97.74,723
24.34,18.31,40.55528,-0.90,0.03,0.28,-55.24,-19.93,-12.49,51.42,111.23,-97.74,724
24.34,18.31,40.55528,-0.90,0.03,0.28,-55.24,-19.93,-12.49,51.42,111.23,-97.74,725
24.34,18.31,40.55528,-0.90,0.03,0.28,-55.24,-19.93,-12.49,51.42,111.23,-97.74,726
24.34,18.31,40.55528,-0.90,0.03,0.28,-55.24,-19.93,-12.49,51.42,111.23,-97.74,727
24.34,18.31,40.55528,-0.90,0.03,0.28,-55.24,-19.93,-12.49,51.42,111.23,-97.74,728
24.34,18.19,40.55528,-0.90,0.03,0.28,-55.24,-19.93,-12.49,51.42,111.23,-97.74,729
24.34,18.19,40.55528,-0.90,0.03,0.28,-55.24,-19.93,-12.49,51.42,111.23,-97.74,730
24.34,18.19,40.55528,-0.90,0.03,0.28,-55.24,-19.93,-12.49,51.42,111.23,-97.74,731
24.34,18.19,40.55528,-0.90,0.03,0.28,-55.24,-19.93,-12.49,51.42,111.23,-97.74,732
24.34,18.19,40.55528,-1.03,0.13,-0.02,0.94,-3.20,-5.77,34.48,83.80,-79.30,733
24.34,18.19,40.55528,-1.03,0.13,-0.02,0.94,-3.20,-5.77,34.48,83.80,-79.30,734
24.34,18.19,40.55528,-1.03,0.13,-0.02,0.94,-3.20,-5.77,34.48,83.80,-79.30,735
24.34,18.19,40.55528,-1.03,0.13,-0.02,0.94,-3.20,-5.77,34.48,83.80,-79.30,736
24.34,18.19,40.55528,-1.03,0.13,-0.02,0.94,-3.20,-5.77,34.48,83.80,-79.30,737
24.34,19.19,40.55528,-1.03,0.13,-0.02,0.94,-3.20,-5.77,34.48,83.80,-79.30,738
24.34,19.19,40.55528,-1.03,0.13,-0.02,0.94,-3.20,-5.77,34.48,83.80,-79.30,739
24.34,19.19,40.55528,-1.03,0.13,-0.02,0.94,-3.20,-5.77,34.48,83.80,-79.30,740
24.34,19.19,40.55528,-1.03,0.13,-0.02,0.94,-3.20,-5.77,34.48,83.80,-79.30,741
24.34,19.19,40.55528,-1.03,0.13,-0.02,0.94,-3.20,-5.77,34.48,83.80,-79.30,742
24.34,19.19,40.55528,-0.82,-0.22,-0.03,-59.21,-18.82,-8.46,34.33,64.76,-92.94,743
24.34,19.19,40.55528,-0.82,-0.22,-0.03,-59.21,-18.82,-8.46,34.33,64.76,-92.94,744
24.34,19.19,40.55528,-0.82,-0.22,-0.03,-59.21,-18.82,-8.46,34.33,64.76,-92.94,745
24.34,19.19,40.55528,-0.82,-0.22,-0.03,-59.21,-18.82,-8.46,34.33,64.76,-92.94,746
24.34,19.19,40.55528,-0.82,-0.22,-0.03,-59.21,-18.82,-8.46,34.33,64.76,-92.94,747
24.34,19.19,40.55528,-0.82,-0.22,-0.03,-59.21,-18.82,-8.46,34.33,64.76,-92.94,748
24.34,18.38,40.55528,-0.82,-0.22,-0.03,-59.21,-18.82,-8.46,34.33,64.76,-92.94,749
24.34,18.38,40.55528,-0.82,-0.22,-0.03,-59.21,-18.82,-8.46,34.33,64.76,-92.94,750
24.34,18.38,40.55528,-0.82,-0.22,-0.03,-59.21,-18.82,-8.46,34.33,64.76,-92.94,751
24.34,18.38,40.55528,-0.82,-0.22,-0.03,-59.21,-18.82,-8.46,34.33,64.76,-92.94,752
24.34,18.38,40.55528,-0.78,-0.10,0.08,-52.07,-23.65,-9.69,-7.20,105.98,-174.04,753
24.34,18.38,40.55528,-0.78,-0.10,0.08,-52.07,-23.65,-9.69,-7.20,105.98,-174.04,754
24.34,18.38,40.55528,-0.78,-0.10,0.08,-52.07,-23.65,-9.69,-7.20,105.98,-174.04,755
24.34,18.38,40.55528,-0.78,-0.10,0.08,-52.07,-23.65,-9.69,-7.20,105.98,-174.04,756
24.34,18.38,40.55528,-0.78,-0.10,0.08,-52.07,-23.65,-9.69,-7.20,105.98,-174.04,757
24.34,18.38,40.55528,-0.78,-0.10,0.08,-52.07,-23.65,-9.69,-7.20,105.98,-174.04,758
24.34,18.19,40.55528,-0.78,-0.10,0.08,-52.07,-23.65,-9.69,-7.20,105.98,-174.04,759
24.34,18.19,40.55528,-0.78,-0.10,0.08,-52.07,-23.65,-9.69,-7.20,105.98,-174.04,760
24.34,18.19,40.55528,-0.78,-0.10,0.08,-52.07,-23.65,-9.69,-7.20,105.98,-174.04,761
24.34,18.19,40.55528,-0.78,-0.10,0.08,-52.07,-23.65,-9.69,-7.20,105.98,-174.04,762
24.34,18.19,40.55528,-0.71,0.03,-0.02,-12.94,-6.65,-3.65,9.29,79.75,-101.78,763
24.34,18.19,40.55528,-0.71,0.03,-0.02,-12.94,-6.65,-3.65,9.29,79.75,-101.78,764
24.34,18.19,40.55528,-0.71,0.03,-0.02,-12.94,-6.65,-3.65,9.29,79.75,-101.78,765
24.34,18.19,40.55528,-0.71,0.03,-0.02,-12.94,-6.65,-3.65,9.29,79.75,-101.78,766
24.34,18.19,40.55528,-0.71,0.03,-0.02,-12.94,-6.65,-3.65,9.29,79.75,-101.78,767
24.34,18.19,40.55528,-0.71,0.03,-0.02,-12.94,-6.65,-3.65,9.29,79.75,-101.78,768
24.34,18.41,40.55528,-0.71,0.03,-0.02,-12.94,-6.65,-3.65,9.29,79.75,-101.78,769
24.34,18.41,40.55528,-0.71,0.03,-0.02,-12.94,-6.65,-3.65,9.29,79.75,-101.78,770
24.34,18.41,40.55528,-0.71,0.03,-0.02,-12.94,-6.65,-3.65,9.29,79.75,-101.78,771
24.34,18.41,40.55528,-1.70,-0.21,0.06,-61.81,-18.82,-1.31,17.24,132.66,-68.51,772
24.34,18.41,40.55528,-1.70,-0.21,0.06,-61.81,-18.82,-1.31,17.24,132.66,-68.51,773
24.34,18.41,40.55528,-1.70,-0.21,0.06,-61.81,-18.82,-1.31,17.24,132.66,-68.51,774
24.34,18.41,40.55528,-1.70,-0.21,0.06,-61.81,-18.82,-1.31,17.24,132.66,-68.51,775
24.34,18.41,40.55528,-1.70,-0.21,0.06,-61.81,-18.82,-1.31,17.24,132.66,-68.51,776
24.34,18.41,40.55528,-1.70,-0.21,0.06,-61.81,-18.82,-1.31,17.24,132.66,-68.51,777
24.34,18.41,40.55528,-1.70,-0.21,0.06,-61.81,-18.82,-1.31,17.24,132.66,-68.51,778
24.34,18.22,40.55528,-1.70,-0.21,0.06,-61.81,-18.82,-1.31,17.24,132.66,-68.51,779
24.34,18.22,40.55528,-1.70,-0.21,0.06,-61.81,-18.82,-1.31,17.24,132.66,-68.51,780
24.34,18.22,40.55528,-1.70,-0.21,0.06,-61.81,-18.82,-1.31,17.24,132.66,-68.51,781
24.34,18.22,40.55528,-0.78,-0.03,0.03,-63.32,7.35,-4.73,31.33,96.69,-40.92,782
24.34,18.22,40.55528,-0.78,-0.03,0.03,-63.32,7.35,-4.73,31.33,96.69,-40.92,783
24.34,18.22,40.55528,-0.78,-0.03,0.03,-63.32,7.35,-4.73,31.33,96.69,-40.92,784
24.34,18.22,40.55528,-0.78,-0.03,0.03,-63.32,7.35,-4.73,31.33,96.69,-40.92,785
24.34,18.22,40.55528,-0.78,-0.03,0.03,-63.32,7.35,-4.73,31.33,96.69,-40.92,786
24.34,18.22,40.55528,-0.78,-0.03,0.03,-63.32,7.35,-4.73,31.33,96.69,-40.92,787
24.34,18.22,40.55528,-0.78,-0.03,0.03,-63.32,7.35,-4.73,31.33,96.69,-40.92,788
24.34,18.22,40.55528,-0.78,-0.03,0.03,-63.32,7.35,-4.73,31.33,96.69,-40.92,789
24.34,18.22,40.55528,-0.78,-0.03,0.03,-63.32,7.35,-4.73,31.33,96.69,-40.92,790
24.34,18.22,40.55528,-0.78,-0.03,0.03,-63.32,7.35,-4.73,31.33,96.69,-40.92,791
24.34,18.22,40.55528,-0.78,-0.03,0.03,-63.32,7.35,-4.73,31.33,96.69,-40.92,792
24.34,18.22,40.55528,-0.78,-0.03,0.03,-63.32,7.35,-4.73,31.33,96.69,-40.92,793
24.34,18.22,40.55528,-0.78,-0.03,0.03,-63.32,7.35,-4.73,31.33,96.69,-40.92,794
24.34,18.22,40.55528,-0.78,-0.03,0.03,-63.32,7.35,-4.73,31.33,96.69,-40.92,795
24.34,18.22,40.55528,-1.06,0.02,0.14,-56.46,-45.48,0.05,26.23,122.77,-123.22,796
24.34,18.22,40.55528,-1.06,0.02,0.14,-56.46,-45.48,0.05,26.23,122.77,-123.22,797
24.34,18.22,40.55528,-1.06,0.02,0.14,-56.46,-45.48,0.05,26.23,122.77,-123.22,798
24.34,18.19,40.55528,-1.06,0.02,0.14,-56.46,-45.48,0.05,26.23,122.77,-123.22,799
24.34,18.19,40.55528,-1.06,0.02,0.14,-56.46,-45.48,0.05,26.23,122.77,-123.22,800
24.34,18.19,40.55528,-1.06,0.02,0.14,-56.46,-45.48,0.05,26.23,122.77,-123.22,801
24.34,18.19,40.55528,-1.06,0.02,0.14,-56.46,-45.48,0.05,26.23,122.77,-123.22,802
24.34,18.19,40.55528,-0.72,0.01,0.03,-0.44,-4.54,-3.43,39.12,82.15,-77.35,803
24.34,18.19,40.55528,-0.72,0.01,0.03,-0.44,-4.54,-3.43,39.12,82.15,-77.35,804
24.34,18.19,40.55528,-0.72,0.01,0.03,-0.44,-4.54,-3.43,39.12,82.15,-77.35,805
24.34,18.19,40.55528,-0.72,0.01,0.03,-0.44,-4.54,-3.43,39.12,82.15,-77.35,806
24.34,18.19,40.55528,-0.72,0.01,0.03,-0.44,-4.54,-3.43,39.12,82.15,-77.35,807
24.34,18.19,40.55528,-0.72,0.01,0.03,-0.44,-4.54,-3.43,39.12,82.15,-77.35,808
24.34,20.22,40.55528,-0.72,0.01,0.03,-0.44,-4.54,-3.43,39.12,82.15,-77.35,809
24.34,20.22,40.55528,-0.72,0.01,0.03,-0.44,-4.54,-3.43,39.12,82.15,-77.35,810
24.34,20.22,40.55528,-0.72,0.01,0.03,-0.44,-4.54,-3.43,39.12,82.15,-77.35,811
24.34,20.22,40.55528,-0.72,0.01,0.03,-0.44,-4.54,-3.43,39.12,82.15,-77.35,812
24.34,20.22,40.55528,-0.74,-0.01,0.14,-65.07,-25.50,1.12,34.48,60.26,-89.64,813
24.34,20.22,40.55528,-0.74,-0.01,0.14,-65.07,-25.50,1.12,34.48,60.26,-89.64,814
24.34,20.22,40.55528,-0.74,-0.01,0.14,-65.07,-25.50,1.12,34.48,60.26,-89.64,815
24.34,20.22,40.55528,-0.74,-0.01,0.14,-65.07,-25.50,1.12,34.48,60.26,-89.64,816
24.34,20.22,40.55528,-0.74,-0.01,0.14,-65.07,-25.50,1.12,34.48,60.26,-89.64,817
24.34,20.22,40.55528,-0.74,-0.01,0.14,-65.07,-25.50,1.12,34.48,60.26,-89.64,818
24.34,18.56,40.55528,-0.74,-0.01,0.14,-65.07,-25.50,1.12,34.48,60.26,-89.64,819
24.34,18.56,40.55528,-0.74,-0.01,0.14,-65.07,-25.50,1.12,34.48,60.26,-89.64,820
24.34,18.56,40.55528,-0.74,-0.01,0.14,-65.07,-25.50,1.12,34.48,60.26,-89.64,821
24.34,18.56,40.55528,-0.74,-0.01,0.14,-65.07,-25.50,1.12,34.48,60.26,-89.64,822
24.34,18.56,40.55528,-0.62,0.03,-0.08,-66.95,-33.77,-7.03,-25.93,76.60,-195.47,823
24.34,18.56,40.55528,-0.62,0.03,-0.08,-66.95,-33.77,-7.03,-25.93,76.60,-195.47,824
24.34,18.56,40.55528,-0.62,0.03,-0.08,-66.95,-33.77,-7.03,-25.93,76.60,-195.47,825
24.34,18.56,40.55528,-0.62,0.03,-0.08,-66.95,-33.77,-7.03,-25.93,76.60,-195.47,826
24.34,18.56,40.55528,-0.62,0.03,-0.08,-66.95,-33.77,-7.03,-25.93,76.60,-195.47,827
24.34,18.56,40.55528,-0.62,0.03,-0.08,-66.95,-33.77,-7.03,-25.93,76.60,-195.47,828
24.34,18.47,40.55528,-0.62,0.03,-0.08,-66.95,-33.77,-7.03,-25.93,76.60,-195.47,829
24.34,18.47,40.55528,-0.62,0.03,-0.08,-66.95,-33.77,-7.03,-25.93,76.60,-195.47,830
24.34,18.47,40.55528,-0.62,0.03,-0.08,-66.95,-33.77,-7.03,-25.93,76.60,-195.47,831
24.34,18.47,40.55528,-0.62,0.03,-0.08,-66.95,-33.77,-7.03,-25.93,76.60,-195.47,832
24.34,18.47,40.55528,-0.86,0.08,0.09,-51.28,-10.86,-4.43,20.24,79.90,-118.42,833
24.34,18.47,40.55528,-0.86,0.08,0.09,-51.28,-10.86,-4.43,20.24,79.90,-118.42,834
24.34,18.47,40.55528,-0.86,0.08,0.09,-51.28,-10.86,-4.43,20.24,79.90,-118.42,835
24.34,18.47,40.55528,-0.86,0.08,0.09,-51.28,-10.86,-4.43,20.24,79.90,-118.42,836
24.34,18.47,40.55528,-0.86,0.08,0.09,-51.28,-10.86,-4.43,20.24,79.90,-118.42,837
24.34,18.47,40.55528,-0.86,0.08,0.09,-51.28,-10.86,-4.43,20.24,79.90,-118.42,838
24.34,18.41,40.55528,-0.86,0.08,0.09,-51.28,-10.86,-4.43,20.24,79.90,-118.42,839
24.34,18.41,40.55528,-0.86,0.08,0.09,-51.28,-10.86,-4.43,20.24,79.90,-118.42,840
24.34,18.41,40.55528,-0.86,0.08,0.09,-51.28,-10.86,-4.43,20.24,79.90,-118.42,841
24.34,18.41,40.55528,-0.86,0.08,0.09,-51.28,-10.86,-4.43,20.24,79.90,-118.42,842
24.34,18.41,40.55528,-0.87,-0.10,-0.11,-7.59,-11.03,-4.41,18.14,116.77,-78.70,843
24.34,18.41,40.55528,-0.87,-0.10,-0.11,-7.59,-11.03,-4.41,18.14,116.77,-78.70,844
24.34,18.41,40.55528,-0.87,-0.10,-0.11,-7.59,-11.03,-4.41,18.14,116.77,-78.70,845
24.34,18.41,40.55528,-0.87,-0.10,-0.11,-7.59,-11.03,-4.41,18.14,116.77,-78.70,846
24.34,18.41,40.55528,-0.87,-0.10,-0.11,-7.59,-11.03,-4.41,18.14,116.77,-78.70,847
24.34,18.41,40.55528,-0.87,-0.10,-0.11,-7.59,-11.03,-4.41,18.14,116.77,-78.70,848
24.34,18.31,40.55528,-0.87,-0.10,-0.11,-7.59,-11.03,-4.41,18.14,116.77,-78.70,849
24.34,18.31,40.55528,-0.87,-0.10,-0.11,-7.59,-11.03,-4.41,18.14,116.77,-78.70,850
24.34,18.31,40.55528,-0.87,-0.10,-0.11,-7.59,-11.03,-4.41,18.14,116.77,-78.70,851
24.34,18.31,40.55528,-0.87,-0.10,-0.11,-7.59,-11.03,-4.41,18.14,116.77,-78.70,852
24.34,18.31,40.55528,-0.98,-0.03,0.12,-65.20,-20.68,-5.31,34.93,106.13,-33.58,853
24.34,18.31,40.55528,-0.98,-0.03,0.12,-65.20,-20.68,-5.31,34.93,106.13,-33.58,854
24.34,18.31,40.55528,-0.98,-0.03,0.12,-65.20,-20.68,-5.31,34.93,106.13,-33.58,855
24.34,18.31,40.55528,-0.98,-0.03,0.12,-65.20,-20.68,-5.31,34.93,106.13,-33.58,856
24.34,18.31,40.55528,-0.98,-0.03,0.12,-65.20,-20.68,-5.31,34.93,106.13,-33.58,857
24.34,18.31,40.55528,-0.98,-0.03,0.12,-65.20,-20.68,-5.31,34.93,106.13,-33.58,858
24.34,18.16,40.55528,-0.98,-0.03,0.12,-65.20,-20.68,-5.31,34.93,106.13,-33.58,859
24.34,18.16,40.55528,-0.98,-0.03,0.12,-65.20,-20.68,-5.31,34.93,106.13,-33.58,860
24.34,18.16,40.55528,-0.98,-0.03,0.12,-65.20,-20.68,-5.31,34.93,106.13,-33.58,861
24.34,18.16,40.55528,-0.77,0.03,0.12,-58.79,-22.34,-6.77,-11.84,118.57,-140.76,862
24.34,18.16,40.55528,-0.77,0.03,0.12,-58.79,-22.34,-6.77,-11.84,118.57,-140.76,863
24.34,18.16,40.55528,-0.77,0.03,0.12,-58.79,-22.34,-6.77,-11.84,118.57,-140.76,864
24.34,18.16,40.55528,-0.77,0.03,0.12,-58.79,-22.34,-6.77,-11.84,118.57,-140.76,865
24.34,18.16,40.55528,-0.77,0.03,0.12,-58.79,-22.34,-6.77,-11.84,118.57,-140.76,866
24.34,18.16,40.55528,-0.77,0.03,0.12,-58.79,-22.34,-6.77,-11.84,118.57,-140.76,867
24.34,18.16,40.55528,-0.77,0.03,0.12,-58.79,-22.34,-6.77,-11.84,118.57,-140.76,868
24.34,18.19,40.55528,-0.77,0.03,0.12,-58.79,-22.34,-6.77,-11.84,118.57,-140.76,869
24.34,18.19,40.55528,-0.77,0.03,0.12,-58.79,-22.34,-6.77,-11.84,118.57,-140.76,870
24.34,18.19,40.55528,-0.77,0.03,0.12,-58.79,-22.34,-6.77,-11.84,118.57,-140.76,871
24.34,18.19,40.55528,-0.93,-0.08,-0.05,2.92,-1.80,-11.80,62.81,85.89,-69.25,872
24.34,18.19,40.55528,-0.93,-0.08,-0.05,2.92,-1.80,-11.80,62.81,85.89,-69.25,873
24.34,18.19,40.55528,-0.93,-0.08,-0.05,2.92,-1.80,-11.80,62.81,85.89,-69.25,874
24.34,18.19,40.55528,-0.93,-0.08,-0.05,2.92,-1.80,-11.80,62.81,85.89,-69.25,875
24.34,18.19,40.55528,-0.93,-0.08,-0.05,2.92,-1.80,-11.80,62.81,85.89,-69.25,876
24.34,18.19,40.55528,-0.93,-0.08,-0.05,2.92,-1.80,-11.80,62.81,85.89,-69.25,877
24.34,18.19,40.55528,-0.93,-0.08,-0.05,2.92,-1.80,-11.80,62.81,85.89,-69.25,878
24.38,24.62,40.55528,-0.93,-0.08,-0.05,2.92,-1.80,-11.80,62.81,85.89,-69.25,879
24.38,24.62,40.55528,-0.93,-0.08,-0.05,2.92,-1.80,-11.80,62.81,85.89,-69.25,880
24.38,24.62,40.55528,-0.93,-0.08,-0.05,2.92,-1.80,-11.80,62.81,85.89,-69.25,881
24.38,24.62,40.55528,-0.93,-0.08,-0.05,2.92,-1.80,-11.80,62.81,85.89,-69.25,882
24.38,24.62,40.55528,-0.66,-0.02,0.03,-67.91,-11.06,-2.02,36.73,82.30,-79.15,883
24.38,24.62,40.55528,-0.66,-0.02,0.03,-67.91,-11.06,-2.02,36.73,82.30,-79.15,884
24.38,24.62,40.55528,-0.66,-0.02,0.03,-67.91,-11.06,-2.02,36.73,82.30,-79.15,885
24.38,24.62,40.55528,-0.66,-0.02,0.03,-67.91,-11.06,-2.02,36.73,82.30,-79.15,886
24.38,24.62,40.55528,-0.66,-0.02,0.03,-67.91,-11.06,-2.02,36.73,82.30,-79.15,887
24.38,24.62,40.55528,-0.66,-0.02,0.03,-67.91,-11.06,-2.02,36.73,82.30,-79.15,888
24.38,24.62,40.55528,-0.66,-0.02,0.03,-67.91,-11.06,-2.02,36.73,82.30,-79.15,889
24.34,18.81,40.55528,-0.66,-0.02,0.03,-67.91,-11.06,-2.02,36.73,82.30,-79.15,890
24.34,18.81,40.55528,-0.66,-0.02,0.03,-67.91,-11.06,-2.02,36.73,82.30,-79.15,891
24.34,18.81,40.55528,-0.66,-0.02,0.03,-67.91,-11.06,-2.02,36.73,82.30,-79.15,892
24.34,18.81,40.55528,-0.66,-0.02,0.03,-67.91,-11.06,-2.02,36.73,82.30,-79.15,893
24.34,18.81,40.55528,-0.66,-0.02,0.03,-67.91,-11.06,-2.02,36.73,82.30,-79.15,894
24.34,18.81,40.55528,-0.66,-0.02,0.03,-67.91,-11.06,-2.02,36.73,82.30,-79.15,895
24.34,18.81,40.55528,-0.79,0.00,0.06,-63.53,-14.54,-3.73,9.29,65.81,-143.01,896
24.34,18.81,40.55528,-0.79,0.00,0.06,-63.53,-14.54,-3.73,9.29,65.81,-143.01,897
24.34,18.81,40.55528,-0.79,0.00,0.06,-63.53,-14.54,-3.73,9.29,65.81,-143.01,898
24.34,18.28,40.55528,-0.79,0.00,0.06,-63.53,-14.54,-3.73,9.29,65.81,-143.01,899
24.34,18.28,40.55528,-0.79,0.00,0.06,-63.53,-14.54,-3.73,9.29,65.81,-143.01,900
24.34,18.28,40.55528,-0.79,0.00,0.06,-63.53,-14.54,-3.73,9.29,65.81,-143.01,901
24.34,18.28,40.55528,-1.27,-0.29,0.10,-55.62,-16.93,-2.20,9.59,78.55,-107.78,902
24.34,18.28,40.55528,-1.27,-0.29,0.10,-55.62,-16.93,-2.20,9.59,78.55,-107.78,903
24.34,18.28,40.55528,-1.27,-0.29,0.10,-55.62,-16.93,-2.20,9.59,78.55,-107.78,904
24.34,18.28,40.55528,-1.27,-0.29,0.10,-55.62,-16.93,-2.20,9.59,78.55,-107.78,905
24.34,18.28,40.55528,-1.27,-0.29,0.10,-55.62,-16.93,-2.20,9.59,78.55,-107.78,906
24.34,18.28,40.55528,-1.27,-0.29,0.10,-55.62,-16.93,-2.20,9.59,78.55,-107.78,907
24.34,18.28,40.55528,-1.27,-0.29,0.10,-55.62,-16.93,-2.20,9.59,78.55,-107.78,908
24.34,18.28,40.55528,-1.27,-0.29,0.10,-55.62,-16.93,-2.20,9.59,78.55,-107.78,909
24.34,18.44,40.55528,-1.27,-0.29,0.10,-55.62,-16.93,-2.20,9.59,78.55,-107.78,910
24.34,18.44,40.55528,-1.27,-0.29,0.10,-55.62,-16.93,-2.20,9.59,78.55,-107.78,911
24.34,18.44,40.55528,-1.27,-0.29,0.10,-55.62,-16.93,-2.20,9.59,78.55,-107.78,912
24.34,18.44,40.55528,-1.27,-0.12,-0.03,6.79,-18.81,-7.30,16.79,117.67,-79.45,913
24.34,18.44,40.55528,-1.27,-0.12,-0.03,6.79,-18.81,-7.30,16.79,117.67,-79.45,914
24.34,18.44,40.55528,-1.27,-0.12,-0.03,6.79,-18.81,-7.30,16.79,117.67,-79.45,915
24.34,18.44,40.55528,-1.27,-0.12,-0.03,6.79,-18.81,-7.30,16.79,117.67,-79.45,916
24.34,18.44,40.55528,-1.27,-0.12,-0.03,6.79,-18.81,-7.30,16.79,117.67,-79.45,917
24.34,18.44,40.55528,-1.27,-0.12,-0.03,6.79,-18.81,-7.30,16.79,117.67,-79.45,918
24.34,18.31,40.55528,-1.27,-0.12,-0.03,6.79,-18.81,-7.30,16.79,117.67,-79.45,919
24.34,18.31,40.55528,-1.27,-0.12,-0.03,6.79,-18.81,-7.30,16.79,117.67,-79.45,920
24.34,18.31,40.55528,-1.27,-0.12,-0.03,6.79,-18.81,-7.30,16.79,117.67,-79.45,921
24.34,18.31,40.55528,-1.27,-0.12,-0.03,6.79,-18.81,-7.30,16.79,117.67,-79.45,922
24.34,18.31,40.55528,-1.10,-0.11,-0.01,-66.32,-18.51,2.33,25.78,116.92,-43.17,923
24.34,18.31,40.55528,-1.10,-0.11,-0.01,-66.32,-18.51,2.33,25.78,116.92,-43.17,924
24.34,18.31,40.55528,-1.10,-0.11,-0.01,-66.32,-18.51,2.33,25.78,116.92,-43.17,925
24.34,18.31,40.55528,-1.10,-0.11,-0.01,-66.32,-18.51,2.33,25.78,116.92,-43.17,926
24.34,18.31,40.55528,-1.10,-0.11,-0.01,-66.32,-18.51,2.33,25.78,116.92,-43.17,927
24.34,18.31,40.55528,-1.10,-0.11,-0.01,-66.32,-18.51,2.33,25.78,116.92,-43.17,928
24.34,18.31,40.55528,-1.10,-0.11,-0.01,-66.32,-18.51,2.33,25.78,116.92,-43.17,929
24.34,18.06,40.55528,-1.10,-0.11,-0.01,-66.32,-18.51,2.33,25.78,116.92,-43.17,930
24.34,18.06,40.55528,-1.10,-0.11,-0.01,-66.32,-18.51,2.33,25.78,116.92,-43.17,931
24.34,18.06,40.55528,-1.04,-0.11,0.00,-68.79,-2.83,2.16,-5.40,102.38,-121.57,932
24.34,18.06,40.55528,-1.04,-0.11,0.00,-68.79,-2.83,2.16,-5.40,102.38,-121.57,933
24.34,18.06,40.55528,-1.04,-0.11,0.00,-68.79,-2.83,2.16,-5.40,102.38,-121.57,934
24.34,18.06,40.55528,-1.04,-0.11,0.00,-68.79,-2.83,2.16,-5.40,102.38,-121.57,935
24.34,18.06,40.55528,-1.04,-0.11,0.00,-68.79,-2.83,2.16,-5.40,102.38,-121.57,936
24.34,18.06,40.55528,-1.04,-0.11,0.00,-68.79,-2.83,2.16,-5.40,102.38,-121.57,937
24.34,18.06,40.55528,-1.04,-0.11,0.00,-68.79,-2.83,2.16,-5.40,102.38,-121.57,938
24.34,18.38,40.55528,-1.04,-0.11,0.00,-68.79,-2.83,2.16,-5.40,102.38,-121.57,939
24.34,18.38,40.55528,-1.04,-0.11,0.00,-68.79,-2.83,2.16,-5.40,102.38,-121.57,940
24.34,18.38,40.55528,-0.85,0.06,-0.02,-23.48,-13.19,0.87,64.16,95.79,-72.70,941
24.34,18.38,40.55528,-0.85,0.06,-0.02,-23.48,-13.19,0.87,64.16,95.79,-72.70,942
24.34,18.38,40.55528,-0.85,0.06,-0.02,-23.48,-13.19,0.87,64.16,95.79,-72.70,943
24.34,18.38,40.55528,-0.85,0.06,-0.02,-23.48,-13.19,0.87,64.16,95.79,-72.70,944
24.34,18.38,40.55528,-0.85,0.06,-0.02,-23.48,-13.19,0.87,64.16,95.79,-72.70,945
24.34,18.38,40.55528,-0.85,0.06,-0.02,-23.48,-13.19,0.87,64.16,95.79,-72.70,946
24.34,18.38,40.55528,-0.85,0.06,-0.02,-23.48,-13.19,0.87,64.16,95.79,-72.70,947
24.34,18.38,40.55528,-0.85,0.06,-0.02,-23.48,-13.19,0.87,64.16,95.79,-72.70,948
24.75,29.78,40.55528,-0.85,0.06,-0.02,-23.48,-13.19,0.87,64.16,95.79,-72.70,949
24.75,29.78,40.55528,-0.85,0.06,-0.02,-23.48,-13.19,0.87,64.16,95.79,-72.70,950
24.75,29.78,40.55528,-0.85,0.06,-0.02,-23.48,-13.19,0.87,64.16,95.79,-72.70,951
24.75,29.78,40.55528,-0.88,0.12,-0.08,-52.60,-11.20,-11.38,36.28,74.95,-81.70,952
24.75,29.78,40.55528,-0.88,0.12,-0.08,-52.60,-11.20,-11.38,36.28,74.95,-81.70,953
24.75,29.78,40.55528,-0.88,0.12,-0.08,-52.60,-11.20,-11.38,36.28,74.95,-81.70,954
24.75,29.78,40.55528,-0.88,0.12,-0.08,-52.60,-11.20,-11.38,36.28,74.95,-81.70,955
24.75,29.78,40.55528,-0.88,0.12,-0.08,-52.60,-11.20,-11.38,36.28,74.95,-81.70,956
24.75,29.78,40.55528,-0.88,0.12,-0.08,-52.60,-11.20,-11.38,36.28,74.95,-81.70,957
24.75,29.78,40.55528,-0.88,0.12,-0.08,-52.60,-11.20,-11.38,36.28,74.95,-81.70,958
24.34,18.56,40.55528,-0.88,0.12,-0.08,-52.60,-11.20,-11.38,36.28,74.95,-81.70,959
24.34,18.56,40.55528,-0.88,0.12,-0.08,-52.60,-11.20,-11.38,36.28,74.95,-81.70,960
24.34,18.56,40.55528,-1.46,0.05,-0.02,-67.73,-11.12,3.98,16.79,62.21,-116.92,961
24.34,18.56,40.55528,-1.46,0.05,-0.02,-67.73,-11.12,3.98,16.79,62.21,-116.92,962
24.34,18.56,40.55528,-1.46,0.05,-0.02,-67.73,-11.12,3.98,16.79,62.21,-116.92,963
24.34,18.56,40.55528,-1.46,0.05,-0.02,-67.73,-11.12,3.98,16.79,62.21,-116.92,964
24.34,18.56,40.55528,-1.46,0.05,-0.02,-67.73,-11.12,3.98,16.79,62.21,-116.92,965
24.34,18.56,40.55528,-1.46,0.05,-0.02,-67.73,-11.12,3.98,16.79,62.21,-116.92,966
24.34,18.56,40.55528,-1.46,0.05,-0.02,-67.73,-11.12,3.98,16.79,62.21,-116.92,967
24.34,18.56,40.55528,-1.46,0.05,-0.02,-67.73,-11.12,3.98,16.79,62.21,-116.92,968
24.34,18.31,40.55528,-1.46,0.05,-0.02,-67.73,-11.12,3.98,16.79,62.21,-116.92,969
24.34,18.31,40.55528,-1.46,0.05,-0.02,-67.73,-11.12,3.98,16.79,62.21,-116.92,970
24.34,18.31,40.55528,-1.05,-0.01,-0.07,-60.29,-14.63,-4.96,38.67,107.03,-133.56,971
24.34,18.31,40.55528,-1.05,-0.01,-0.07,-60.29,-14.63,-4.96,38.67,107.03,-133.56,972
24.34,18.31,40.55528,-1.05,-0.01,-0.07,-60.29,-14.63,-4.96,38.67,107.03,-133.56,973
24.34,18.31,40.55528,-1.05,-0.01,-0.07,-60.29,-14.63,-4.96,38.67,107.03,-133.56,974
24.34,18.31,40.55528,-1.05,-0.01,-0.07,-60.29,-14.63,-4.96,38.67,107.03,-133.56,975
24.34,18.31,40.55528,-1.05,-0.01,-0.07,-60.29,-14.63,-4.96,38.67,107.03,-133.56,976
24.34,18.31,40.55528,-1.05,-0.01,-0.07,-60.29,-14.63,-4.96,38.67,107.03,-133.56,977
24.34,18.31,40.55528,-1.05,-0.01,-0.07,-60.29,-14.63,-4.96,38.67,107.03,-133.56,978
24.34,18.28,40.55528,-1.05,-0.01,-0.07,-60.29,-14.63,-4.96,38.67,107.03,-133.56,979
24.34,18.28,40.55528,-1.05,-0.01,-0.07,-60.29,-14.63,-4.96,38.67,107.03,-133.56,980
24.34,18.28,40.55528,-1.05,0.05,-0.03,-1.11,-16.74,-2.65,3.00,107.63,-86.34,981
24.34,18.28,40.55528,-1.05,0.05,-0.03,-1.11,-16.74,-2.65,3.00,107.63,-86.34,982
24.34,18.28,40.55528,-1.05,0.05,-0.03,-1.11,-16.74,-2.65,3.00,107.63,-86.34,983
24.34,18.28,40.55528,-1.05,0.05,-0.03,-1.11,-16.74,-2.65,3.00,107.63,-86.34,984
24.34,18.28,40.55528,-1.05,0.05,-0.03,-1.11,-16.74,-2.65,3.00,107.63,-86.34,985
24.34,18.28,40.55528,-1.05,0.05,-0.03,-1.11,-16.74,-2.65,3.00,107.63,-86.34,986
24.34,18.28,40.55528,-1.05,0.05,-0.03,-1.11,-16.74,-2.65,3.00,107.63,-86.34,987
24.34,18.28,40.55528,-1.05,0.05,-0.03,-1.11,-16.74,-2.65,3.00,107.63,-86.34,988
24.34,18.34,40.55528,-1.05,0.05,-0.03,-1.11,-16.74,-2.65,3.00,107.63,-86.34,989
24.34,18.34,40.55528,-1.05,0.05,-0.03,-1.11,-16.74,-2.65,3.00,107.63,-86.34,990
24.34,18.34,40.55528,-1.05,0.05,-0.03,-1.11,-16.74,-2.65,3.00,107.63,-86.34,991
24.34,18.34,40.55528,-1.05,0.05,-0.03,-1.11,-16.74,-2.65,3.00,107.63,-86.34,992
24.34,18.34,40.55528,-1.05,0.05,-0.03,-1.11,-16.74,-2.65,3.00,107.63,-86.34,993
24.34,18.34,40.55528,-1.05,0.05,-0.03,-1.11,-16.74,-2.65,3.00,107.63,-86.34,994
24.34,18.34,40.55528,-1.05,0.05,-0.03,-1.11,-16.74,-2.65,3.00,107.63,-86.34,995
24.34,18.34,40.55528,-0.82,0.01,0.11,-70.26,6.66,-8.26,19.64,109.73,-62.66,996
24.34,18.34,40.55528,-0.82,0.01,0.11,-70.26,6.66,-8.26,19.64,109.73,-62.66,997
24.34,18.34,40.55528,-0.82,0.01,0.11,-70.26,6.66,-8.26,19.64,109.73,-62.66,998
24.34,18.53,40.55528,-0.82,0.01,0.11,-70.26,6.66,-8.26,19.64,109.73,-62.66,999
24.34,18.53,40.55528,-0.82,0.01,0.11,-70.26,6.66,-8.26,19.64,109.73,-62.66,1000
24.34,18.53,40.55528,-0.82,0.01,0.11,-70.26,6.66,-8.26,19.64,109.73,-62.66,1001
24.34,18.53,40.55528,-0.95,-0.06,-0.04,-56.43,-35.10,-6.50,-13.04,110.48,-135.51,1002
24.34,18.53,40.55528,-0.95,-0.06,-0.04,-56.43,-35.10,-6.50,-13.04,110.48,-135.51,1003
24.34,18.53,40.55528,-0.95,-0.06,-0.04,-56.43,-35.10,-6.50,-13.04,110.48,-135.51,1004
24.34,18.53,40.55528,-0.95,-0.06,-0.04,-56.43,-35.10,-6.50,-13.04,110.48,-135.51,1005
24.34,18.53,40.55528,-0.95,-0.06,-0.04,-56.43,-35.10,-6.50,-13.04,110.48,-135.51,1006
24.34,18.53,40.55528,-0.95,-0.06,-0.04,-56.43,-35.10,-6.50,-13.04,110.48,-135.51,1007
24.34,18.53,40.55528,-0.95,-0.06,-0.04,-56.43,-35.10,-6.50,-13.04,110.48,-135.51,1008
24.34,18.47,40.55528,-0.95,-0.06,-0.04,-56.43,-35.10,-6.50,-13.04,110.48,-135.51,1009
24.34,18.47,40.55528,-0.95,-0.06,-0.04,-56.43,-35.10,-6.50,-13.04,110.48,-135.51,1010
24.34,18.47,40.55528,-0.84,0.01,0.13,-65.06,-0.48,-4.58,58.61,108.53,-92.04,1011
24.34,18.47,40.55528,-0.84,0.01,0.13,-65.06,-0.48,-4.58,58.61,108.53,-92.04,1012
24.34,18.47,40.55528,-0.84,0.01,0.13,-65.06,-0.48,-4.58,58.61,108.53,-92.04,1013
24.34,18.47,40.55528,-0.84,0.01,0.13,-65.06,-0.48,-4.58,58.61,108.53,-92.04,1014
24.34,18.47,40.55528,-0.84,0.01,0.13,-65.06,-0.48,-4.58,58.61,108.53,-92.04,1015
24.34,18.47,40.55528,-0.84,0.01,0.13,-65.06,-0.48,-4.58,58.61,108.53,-92.04,1016
24.34,18.47,40.55528,-0.84,0.01,0.13,-65.06,-0.48,-4.58,58.61,108.53,-92.04,1017
24.34,18.47,40.55528,-0.84,0.01,0.13,-65.06,-0.48,-4.58,58.61,108.53,-92.04,1018
24.38,7.69,40.55528,-0.84,0.01,0.13,-65.06,-0.48,-4.58,58.61,108.53,-92.04,1019
24.38,7.69,40.55528,-0.84,0.01,0.13,-65.06,-0.48,-4.58,58.61,108.53,-92.04,1020
24.38,7.69,40.55528,-0.84,0.01,0.13,-65.06,-0.48,-4.58,58.61,108.53,-92.04,1021
24.38,7.69,40.55528,-0.98,-0.08,0.01,7.76,-17.97,-6.02,35.83,84.25,-77.65,1022
24.38,7.69,40.55528,-0.98,-0.08,0.01,7.76,-17.97,-6.02,35.83,84.25,-77.65,1023
24.38,7.69,40.55528,-0.98,-0.08,0.01,7.76,-17.97,-6.02,35.83,84.25,-77.65,1024
24.38,7.69,40.55528,-0.98,-0.08,0.01,7.76,-17.97,-6.02,35.83,84.25,-77.65,1025
24.38,7.69,40.55528,-0.98,-0.08,0.01,7.76,-17.97,-6.02,35.83,84.25,-77.65,1026
24.38,7.69,40.55528,-0.98,-0.08,0.01,7.76,-17.97,-6.02,35.83,84.25,-77.65,1027
24.38,7.69,40.55528,-0.98,-0.08,0.01,7.76,-17.97,-6.02,35.83,84.25,-77.65,1028
24.38,7.69,40.55528,-0.98,-0.08,0.01,7.76,-17.97,-6.02,35.83,84.25,-77.65,1029
24.34,18.91,40.55528,-0.98,-0.08,0.01,7.76,-17.97,-6.02,35.83,84.25,-77.65,1030
24.34,18.91,40.55528,-0.98,-0.08,0.01,7.76,-17.97,-6.02,35.83,84.25,-77.65,1031
24.34,18.91,40.55528,-0.78,0.25,0.02,-60.68,0.47,-20.39,32.68,65.36,-93.09,1032
24.34,18.91,40.55528,-0.78,0.25,0.02,-60.68,0.47,-20.39,32.68,65.36,-93.09,1033
24.34,18.91,40.55528,-0.78,0.25,0.02,-60.68,0.47,-20.39,32.68,65.36,-93.09,1034
24.34,18.91,40.55528,-0.78,0.25,0.02,-60.68,0.47,-20.39,32.68,65.36,-93.09,1035
24.34,18.91,40.55528,-0.78,0.25,0.02,-60.68,0.47,-20.39,32.68,65.36,-93.09,1036
24.34,18.91,40.55528,-0.78,0.25,0.02,-60.68,0.47,-20.39,32.68,65.36,-93.09,1037
24.34,18.91,40.55528,-0.78,0.25,0.02,-60.68,0.47,-20.39,32.68,65.36,-93.09,1038
24.34,18.47,40.55528,-0.78,0.25,0.02,-60.68,0.47,-20.39,32.68,65.36,-93.09,1039
24.34,18.47,40.55528,-0.78,0.25,0.02,-60.68,0.47,-20.39,32.68,65.36,-93.09,1040
24.34,18.47,40.55528,-0.78,0.25,0.02,-60.68,0.47,-20.39,32.68,65.36,-93.09,1041
24.34,18.47,40.55528,-1.01,-0.04,0.15,-54.53,-15.84,6.17,-4.20,106.58,-173.14,1042
24.34,18.47,40.55528,-1.01,-0.04,0.15,-54.53,-15.84,6.17,-4.20,106.58,-173.14,1043
24.34,18.47,40.55528,-1.01,-0.04,0.15,-54.53,-15.84,6.17,-4.20,106.58,-173.14,1044
24.34,18.47,40.55528,-1.01,-0.04,0.15,-54.53,-15.84,6.17,-4.20,106.58,-173.14,1045
24.34,18.47,40.55528,-1.01,-0.04,0.15,-54.53,-15.84,6.17,-4.20,106.58,-173.14,1046
24.34,18.47,40.55528,-1.01,-0.04,0.15,-54.53,-15.84,6.17,-4.20,106.58,-173.14,1047
24.34,18.47,40.55528,-1.01,-0.04,0.15,-54.53,-15.84,6.17,-4.20,106.58,-173.14,1048
24.34,18.47,40.55528,-1.01,-0.04,0.15,-54.53,-15.84,6.17,-4.20,106.58,-173.14,1049
24.34,18.19,40.55528,-1.01,-0.04,0.15,-54.53,-15.84,6.17,-4.20,106.58,-173.14,1050
24.34,18.19,40.55528,-0.59,0.12,-0.05,-5.25,-3.85,-8.02,7.79,81.40,-100.88,1051
24.34,18.19,40.55528,-0.59,0.12,-0.05,-5.25,-3.85,-8.02,7.79,81.40,-100.88,1052
24.34,18.19,40.55528,-0.59,0.12,-0.05,-5.25,-3.85,-8.02,7.79,81.40,-100.88,1053
24.34,18.19,40.55528,-0.59,0.12,-0.05,-5.25,-3.85,-8.02,7.79,81.40,-100.88,1054
24.34,18.19,40.55528,-0.59,0.12,-0.05,-5.25,-3.85,-8.02,7.79,81.40,-100.88,1055
24.34,18.19,40.55528,-0.59,0.12,-0.05,-5.25,-3.85,-8.02,7.79,81.40,-100.88,1056
24.34,18.19,40.55528,-0.59,0.12,-0.05,-5.25,-3.85,-8.02,7.79,81.40,-100.88,1057
24.34,18.19,40.55528,-0.59,0.12,-0.05,-5.25,-3.85,-8.02,7.79,81.40,-100.88,1058
24.34,18.19,40.55528,-0.59,0.12,-0.05,-5.25,-3.85,-8.02,7.79,81.40,-100.88,1059
24.34,18.19,40.55528,-0.59,0.12,-0.05,-5.25,-3.85,-8.02,7.79,81.40,-100.88,1060
24.34,18.19,40.55528,-0.59,0.12,-0.05,-5.25,-3.85,-8.02,7.79,81.40,-100.88,1061
24.34,18.19,40.55528,-1.31,-0.08,-0.01,-66.05,-13.60,0.12,17.09,130.27,-66.26,1062
24.34,18.19,40.55528,-1.31,-0.08,-0.01,-66.05,-13.60,0.12,17.09,130.27,-66.26,1063
24.34,18.19,40.55528,-1.31,-0.08,-0.01,-66.05,-13.60,0.12,17.09,130.27,-66.26,1064
24.34,18.19,40.55528,-1.31,-0.08,-0.01,-66.05,-13.60,0.12,17.09,130.27,-66.26,1065
24.34,18.19,40.55528,-1.31,-0.08,-0.01,-66.05,-13.60,0.12,17.09,130.27,-66.26,1066
24.34,18.19,40.55528,-1.31,-0.08,-0.01,-66.05,-13.60,0.12,17.09,130.27,-66.26,1067
24.34,18.19,40.55528,-1.31,-0.08,-0.01,-66.05,-13.60,0.12,17.09,130.27,-66.26,1068
24.34,18.19,40.55528,-1.31,-0.08,-0.01,-66.05,-13.60,0.12,17.09,130.27,-66.26,1069
24.34,18.41,40.55528,-1.31,-0.08,-0.01,-66.05,-13.60,0.12,17.09,130.27,-66.26,1070
24.34,18.41,40.55528,-1.31,-0.08,-0.01,-66.05,-13.60,0.12,17.09,130.27,-66.26,1071
24.34,18.41,40.55528,-0.78,0.08,0.02,-52.67,-50.90,-5.43,32.83,94.74,-41.82,1072
24.34,18.41,40.55528,-0.78,0.08,0.02,-52.67,-50.90,-5.43,32.83,94.74,-41.82,1073
24.34,18.41,40.55528,-0.78,0.08,0.02,-52.67,-50.90,-5.43,32.83,94.74,-41.82,1074
24.34,18.41,40.55528,-0.78,0.08,0.02,-52.67,-50.90,-5.43,32.83,94.74,-41.82,1075
24.34,18.41,40.55528,-0.78,0.08,0.02,-52.67,-50.90,-5.43,32.83,94.74,-41.82,1076
24.34,18.41,40.55528,-0.78,0.08,0.02,-52.67,-50.90,-5.43,32.83,94.74,-41.82,1077
24.34,18.41,40.55528,-0.78,0.08,0.02,-52.67,-50.90,-5.43,32.83,94.74,-41.82,1078
24.34,18.16,40.55528,-0.78,0.08,0.02,-52.67,-50.90,-5.43,32.83,94.74,-41.82,1079
24.34,18.16,40.55528,-0.78,0.08,0.02,-52.67,-50.90,-5.43,32.83,94.74,-41.82,1080
24.34,18.16,40.55528,-0.78,0.08,0.02,-52.67,-50.90,-5.43,32.83,94.74,-41.82,1081
24.34,18.16,40.55528,-0.86,-0.14,0.25,-63.77,-28.09,6.76,30.58,122.02,-119.47,1082
24.34,18.16,40.55528,-0.86,-0.14,0.25,-63.77,-28.09,6.76,30.58,122.02,-119.47,1083
24.34,18.16,40.55528,-0.86,-0.14,0.25,-63.77,-28.09,6.76,30.58,122.02,-119.47,1084
24.34,18.16,40.55528,-0.86,-0.14,0.25,-63.77,-28.09,6.76,30.58,122.02,-119.47,1085
24.34,18.16,40.55528,-0.86,-0.14,0.25,-63.77,-28.09,6.76,30.58,122.02,-119.47,1086
24.34,18.16,40.55528,-0.86,-0.14,0.25,-63.77,-28.09,6.76,30.58,122.02,-119.47,1087
24.34,18.16,40.55528,-0.86,-0.14,0.25,-63.77,-28.09,6.76,30.58,122.02,-119.47,1088
24.34,18.16,40.55528,-0.86,-0.14,0.25,-63.77,-28.09,6.76,30.58,122.02,-119.47,1089
24.34,18.19,40.55528,-0.86,-0.14,0.25,-63.77,-28.09,6.76,30.58,122.02,-119.47,1090
24.34,18.19,40.55528,-0.86,-0.14,0.25,-63.77,-28.09,6.76,30.58,122.02,-119.47,1091
24.34,18.19,40.55528,-0.86,-0.14,0.25,-63.77,-28.09,6.76,30.58,122.02,-119.47,1092
24.34,18.19,40.55528,-0.86,-0.14,0.25,-63.77,-28.09,6.76,30.58,122.02,-119.47,1093
24.34,18.19,40.55528,-0.86,-0.14,0.25,-63.77,-28.09,6.76,30.58,122.02,-119.47,1094
24.34,18.19,40.55528,-0.73,0.06,-0.03,-0.30,-4.01,-5.52,33.43,81.70,-85.14,1095
24.34,18.19,40.55528,-0.73,0.06,-0.03,-0.30,-4.01,-5.52,33.43,81.70,-85.14,1096
24.34,18.19,40.55528,-0.73,0.06,-0.03,-0.30,-4.01,-5.52,33.43,81.70,-85.14,1097
24.34,18.19,40.55528,-0.73,0.06,-0.03,-0.30,-4.01,-5.52,33.43,81.70,-85.14,1098
24.34,19.34,40.55528,-0.73,0.06,-0.03,-0.30,-4.01,-5.52,33.43,81.70,-85.14,1099
24.34,19.34,40.55528,-0.73,0.06,-0.03,-0.30,-4.01,-5.52,33.43,81.70,-85.14,1100
24.34,19.34,40.55528,-0.73,0.06,-0.03,-0.30,-4.01,-5.52,33.43,81.70,-85.14,1101
